dataset,split,group,image,original_split
dataset_1,train,0534,/Users/avnisingh/delhivery-pallet-pose/data/raw/dataset_1/train/images/0534_jpg.rf.eb15edaf81b51f198832896dce559b61.jpg,train
dataset_1,train,IMG_20250729_083931,/Users/avnisingh/delhivery-pallet-pose/data/raw/dataset_1/train/images/IMG_20250729_083931_jpg.rf.4e5966b0aeeb4bab9169adc4cca3452d.jpg,train
dataset_1,test,IMG_20250806_104026,/Users/avnisingh/delhivery-pallet-pose/data/raw/dataset_1/train/images/IMG_20250806_104026_jpg.rf.727a8c35ab40a9e707ec4b0b3d83362a.jpg,train
dataset_1,train,IMG_20250729_084335,/Users/avnisingh/delhivery-pallet-pose/data/raw/dataset_1/train/images/IMG_20250729_084335_jpg.rf.dbf74e92944b6beaa77fab361b76d1e7.jpg,train
dataset_1,val,IMG_20250729_084604,/Users/avnisingh/delhivery-pallet-pose/data/raw/dataset_1/train/images/IMG_20250729_084604_jpg.rf.ed5487791f51a1ad8b97a0bd3dfa5d9a.jpg,train
dataset_1,train,IMG_20250729_133041,/Users/avnisingh/delhivery-pallet-pose/data/raw/dataset_1/train/images/IMG_20250729_133041_jpg.rf.186856f8ba96847e2277058bb1a5fd22.jpg,train
dataset_1,train,0474,/Users/avnisingh/delhivery-pallet-pose/data/raw/dataset_1/train/images/0474_jpg.rf.8631ad07c11380cd11439951f4d5bd6d.jpg,train
dataset_1,train,stacked-euro-pallets-25602326,/Users/avnisingh/delhivery-pallet-pose/data/raw/dataset_1/train/images/stacked-euro-pallets-25602326_jpg.rf.b116a60b469d5c861144de93736c2354.jpg,train
dataset_1,test,2F6NX99,/Users/avnisingh/delhivery-pallet-pose/data/raw/dataset_1/train/images/2F6NX99_jpg.rf.ab4e9ca2f13a23431cd2d8bf7d11184c.jpg,train
dataset_1,train,IMG_20250806_104115,/Users/avnisingh/delhivery-pallet-pose/data/raw/dataset_1/train/images/IMG_20250806_104115_jpg.rf.23f4439503360b038e6236e3d5f216ed.jpg,train
dataset_1,train,stacks-wooden-pallets-builders-yard-block-paved-surronded-lush-green-trees-overcast-day-169618883,/Users/avnisingh/delhivery-pallet-pose/data/raw/dataset_1/train/images/stacks-wooden-pallets-builders-yard-block-paved-surronded-lush-green-trees-overcast-day-169618883_jpg.rf.74ec29b74dea627ddf646fd2a7443a68.jpg,train
dataset_1,train,IMG_20250806_103925,/Users/avnisingh/delhivery-pallet-pose/data/raw/dataset_1/train/images/IMG_20250806_103925_jpg.rf.db71655a0d4881822d7200e642bfe8a0.jpg,train
dataset_1,train,IMG_20250729_084021,/Users/avnisingh/delhivery-pallet-pose/data/raw/dataset_1/train/images/IMG_20250729_084021_jpg.rf.f8ea1aa68689ba0a1fe136356fddf52b.jpg,train
dataset_1,val,image24,/Users/avnisingh/delhivery-pallet-pose/data/raw/dataset_1/train/images/image24_jpg.rf.14a0babc2ec802bcacd1a0bbdf86f48e.jpg,train
dataset_1,train,IMG_20250806_104129,/Users/avnisingh/delhivery-pallet-pose/data/raw/dataset_1/train/images/IMG_20250806_104129_jpg.rf.b8abd18f55841089193a4012e460a748.jpg,train
dataset_1,test,wooden-pallets-stacks-cargo-shipping-60794370,/Users/avnisingh/delhivery-pallet-pose/data/raw/dataset_1/train/images/wooden-pallets-stacks-cargo-shipping-60794370_jpg.rf.050c58ccc606be2ae09aca800a551e01.jpg,train
dataset_1,train,IMG_20250729_084250,/Users/avnisingh/delhivery-pallet-pose/data/raw/dataset_1/train/images/IMG_20250729_084250_jpg.rf.5cd0152ac433ab13a4bf72741850250f.jpg,train
dataset_1,train,IMG_20250729_084205,/Users/avnisingh/delhivery-pallet-pose/data/raw/dataset_1/train/images/IMG_20250729_084205_jpg.rf.30b3a41509c12922bf11155e6200b27e.jpg,train
dataset_1,val,IMG_20250806_104418,/Users/avnisingh/delhivery-pallet-pose/data/raw/dataset_1/train/images/IMG_20250806_104418_jpg.rf.b51ba145d0a76d62b32e6e24e676ebdf.jpg,train
dataset_1,train,IMG_20250729_084524,/Users/avnisingh/delhivery-pallet-pose/data/raw/dataset_1/train/images/IMG_20250729_084524_jpg.rf.b73486521896ac4e28337b2340c1efb6.jpg,train
dataset_1,train,IMG_20250729_083847,/Users/avnisingh/delhivery-pallet-pose/data/raw/dataset_1/train/images/IMG_20250729_083847_jpg.rf.5fc650b7b4f634f30fd0b89fab7b0101.jpg,train
dataset_1,train,PR6C9W,/Users/avnisingh/delhivery-pallet-pose/data/raw/dataset_1/train/images/PR6C9W_jpg.rf.3db72dd13fb78fa4376174a5c61afd61.jpg,train
dataset_1,train,IMG_20250806_104135,/Users/avnisingh/delhivery-pallet-pose/data/raw/dataset_1/train/images/IMG_20250806_104135_jpg.rf.688eead3bf1955c95dbe1d63bf76d638.jpg,train
dataset_1,train,T06AB9,/Users/avnisingh/delhivery-pallet-pose/data/raw/dataset_1/train/images/T06AB9_jpg.rf.714a915e9867af293d90acf3301a3f55.jpg,train
dataset_1,val,IMG_20250729_084255,/Users/avnisingh/delhivery-pallet-pose/data/raw/dataset_1/train/images/IMG_20250729_084255_jpg.rf.a0e055579a867f6722f14737a330b1c9.jpg,train
dataset_1,val,cargo-pallets-portrait-format-469981,/Users/avnisingh/delhivery-pallet-pose/data/raw/dataset_1/train/images/cargo-pallets-portrait-format-469981_jpg.rf.90acc32f131495becb9bdb1259d44b6f.jpg,train
dataset_1,test,0470,/Users/avnisingh/delhivery-pallet-pose/data/raw/dataset_1/train/images/0470_jpg.rf.51ced65ee699d11a01b2ce26640451f2.jpg,train
dataset_1,train,0558,/Users/avnisingh/delhivery-pallet-pose/data/raw/dataset_1/train/images/0558_jpg.rf.0526b4b9fd8a7c60b377299e581e1789.jpg,train
dataset_1,test,2A3N3NB,/Users/avnisingh/delhivery-pallet-pose/data/raw/dataset_1/train/images/2A3N3NB_jpg.rf.bb2785dd352961abf4a7871ea298908e.jpg,train
dataset_1,val,IMG_20250729_084117,/Users/avnisingh/delhivery-pallet-pose/data/raw/dataset_1/train/images/IMG_20250729_084117_jpg.rf.2b836bb3646113cf3f4abf1dd948e37d.jpg,train
dataset_1,train,IMG_20250729_084004,/Users/avnisingh/delhivery-pallet-pose/data/raw/dataset_1/train/images/IMG_20250729_084004_jpg.rf.f74a780385dfe979dce9f632cbd780b6.jpg,train
dataset_1,train,IMG_20250806_104135,/Users/avnisingh/delhivery-pallet-pose/data/raw/dataset_1/train/images/IMG_20250806_104135_jpg.rf.b102077fc6bdc8eb4b15d278f04b77f3.jpg,train
dataset_1,train,many-new-bricks-on-foiled-pallets-stacked-on-one-another-and-ready-FYE9YT,/Users/avnisingh/delhivery-pallet-pose/data/raw/dataset_1/train/images/many-new-bricks-on-foiled-pallets-stacked-on-one-another-and-ready-FYE9YT_jpg.rf.b4c659220690b93596d2468e89bb6f85.jpg,train
dataset_1,train,pallet-wood-texture-56255848,/Users/avnisingh/delhivery-pallet-pose/data/raw/dataset_1/train/images/pallet-wood-texture-56255848_jpg.rf.f39f84aa7bc69a0e23e69e40b453a083.jpg,train
dataset_1,train,0490,/Users/avnisingh/delhivery-pallet-pose/data/raw/dataset_1/train/images/0490_jpg.rf.68c7e3f1fb0b851ec07cc08f371246bf.jpg,train
dataset_1,train,IMG_20250729_085102,/Users/avnisingh/delhivery-pallet-pose/data/raw/dataset_1/train/images/IMG_20250729_085102_jpg.rf.5ee9ec07a09eda7cf93f12e6a7801eb1.jpg,train
dataset_1,train,IMG_20250729_085042,/Users/avnisingh/delhivery-pallet-pose/data/raw/dataset_1/train/images/IMG_20250729_085042_jpg.rf.90e3c4dca12a85be6e0ab5c7403f644b.jpg,train
dataset_1,train,wooden-pallets-stacks-cargo-shipping-60794719,/Users/avnisingh/delhivery-pallet-pose/data/raw/dataset_1/train/images/wooden-pallets-stacks-cargo-shipping-60794719_jpg.rf.e881575dddc59eb3abe73ee37f3b240d.jpg,train
dataset_1,train,M44R3D,/Users/avnisingh/delhivery-pallet-pose/data/raw/dataset_1/train/images/M44R3D_jpg.rf.a9242d637508eef5ee632d359da0e725.jpg,train
dataset_1,train,0506,/Users/avnisingh/delhivery-pallet-pose/data/raw/dataset_1/train/images/0506_jpg.rf.44eac801b9a69ad6686e97deb17748a6.jpg,train
dataset_1,train,IMG_20250729_083641,/Users/avnisingh/delhivery-pallet-pose/data/raw/dataset_1/train/images/IMG_20250729_083641_jpg.rf.5bd7a53b7b4e46e2c2162e511f807632.jpg,train
dataset_1,train,2DM4HAP,/Users/avnisingh/delhivery-pallet-pose/data/raw/dataset_1/train/images/2DM4HAP_jpg.rf.b24de3b3ab0e0f88006b9e099813cfa8.jpg,train
dataset_1,train,wood-pallets-4395709,/Users/avnisingh/delhivery-pallet-pose/data/raw/dataset_1/train/images/wood-pallets-4395709_jpg.rf.34e2f17d1f82d35554148a205823a7e3.jpg,train
dataset_1,train,IMG_20250729_084508,/Users/avnisingh/delhivery-pallet-pose/data/raw/dataset_1/train/images/IMG_20250729_084508_jpg.rf.97cb51d967fcdf75662e84b38daf011e.jpg,train
dataset_1,train,IMG_20250729_083658,/Users/avnisingh/delhivery-pallet-pose/data/raw/dataset_1/train/images/IMG_20250729_083658_jpg.rf.06cad3ccc5d7b7c8c64f30d6a1146fd0.jpg,train
dataset_1,train,IMG_20250813_135928,/Users/avnisingh/delhivery-pallet-pose/data/raw/dataset_1/train/images/IMG_20250813_135928_jpg.rf.0d48fbc260d8e96f1cc5fe7bd35fca7a.jpg,train
dataset_1,train,IMG_20250813_140454,/Users/avnisingh/delhivery-pallet-pose/data/raw/dataset_1/train/images/IMG_20250813_140454_jpg.rf.1c32a415005dfd3533279b16471d408d.jpg,train
dataset_1,train,IMG_20250729_084319,/Users/avnisingh/delhivery-pallet-pose/data/raw/dataset_1/train/images/IMG_20250729_084319_jpg.rf.5e5fb23805f8a0cdda334170a142d954.jpg,train
dataset_1,val,IMG_20250806_103808,/Users/avnisingh/delhivery-pallet-pose/data/raw/dataset_1/train/images/IMG_20250806_103808_jpg.rf.9f380c319dcf3a9e29f40c607d8ae819.jpg,train
dataset_1,val,IMG_20250729_084117,/Users/avnisingh/delhivery-pallet-pose/data/raw/dataset_1/train/images/IMG_20250729_084117_jpg.rf.ba539adfb193aa82a16810cdc11ce2a8.jpg,train
dataset_1,train,IMG_20250729_083703,/Users/avnisingh/delhivery-pallet-pose/data/raw/dataset_1/train/images/IMG_20250729_083703_jpg.rf.9dfe6fe03a298b58239141afda2628f9.jpg,train
dataset_1,train,00J0J_dnNVCSwRvV8_0CI0t2_600x450,/Users/avnisingh/delhivery-pallet-pose/data/raw/dataset_1/train/images/00J0J_dnNVCSwRvV8_0CI0t2_600x450_jpg.rf.db02b9fea7e94fe2b82c930e4361e374.jpg,train
dataset_1,train,T06AB9,/Users/avnisingh/delhivery-pallet-pose/data/raw/dataset_1/train/images/T06AB9_jpg.rf.12ce2512cae2715e2420ddc0d67dcf5b.jpg,train
dataset_1,train,IMG_20250806_103934,/Users/avnisingh/delhivery-pallet-pose/data/raw/dataset_1/train/images/IMG_20250806_103934_jpg.rf.d8dee4094a4ad0d524178930869c0258.jpg,train
dataset_1,train,stack-industrial-plastic-pallets-215737481,/Users/avnisingh/delhivery-pallet-pose/data/raw/dataset_1/train/images/stack-industrial-plastic-pallets-215737481_jpg.rf.be58d4d2f478b0aa8496acd6de330a6f.jpg,train
dataset_1,val,IMG_20250804_140855,/Users/avnisingh/delhivery-pallet-pose/data/raw/dataset_1/train/images/IMG_20250804_140855_jpg.rf.f0ef1d2fec2151c785e3fc6bd6bd89c6.jpg,train
dataset_1,val,0484,/Users/avnisingh/delhivery-pallet-pose/data/raw/dataset_1/train/images/0484_jpg.rf.f220977fcfa099b322d0e627c5c9ca50.jpg,train
dataset_1,train,IMG_20250813_135257,/Users/avnisingh/delhivery-pallet-pose/data/raw/dataset_1/train/images/IMG_20250813_135257_jpg.rf.6a7b2ca16bd375532acedb2b736c36bc.jpg,train
dataset_1,train,images119_jpeg,/Users/avnisingh/delhivery-pallet-pose/data/raw/dataset_1/train/images/images119_jpeg_jpg.rf.e2b725cfcc2f188ec2ff760aa0dfeff7.jpg,train
dataset_1,train,0480,/Users/avnisingh/delhivery-pallet-pose/data/raw/dataset_1/train/images/0480_jpg.rf.03a6c768b99612e142b5af248edeae51.jpg,train
dataset_1,train,IMG_20250729_083852,/Users/avnisingh/delhivery-pallet-pose/data/raw/dataset_1/train/images/IMG_20250729_083852_jpg.rf.6c477dd5ff036d6059c9d9d36cf0af13.jpg,train
dataset_1,train,IMG_20250729_083723,/Users/avnisingh/delhivery-pallet-pose/data/raw/dataset_1/train/images/IMG_20250729_083723_jpg.rf.3ccecd631a4eecc32f8319f25085ad39.jpg,train
dataset_1,train,2AGN7DB,/Users/avnisingh/delhivery-pallet-pose/data/raw/dataset_1/train/images/2AGN7DB_jpg.rf.082c600621d4abcc8f5d566f216a16fd.jpg,train
dataset_1,train,wooden-pallets-stacked-top-each-other-several-rows-warehouse-212717835-1-,/Users/avnisingh/delhivery-pallet-pose/data/raw/dataset_1/train/images/wooden-pallets-stacked-top-each-other-several-rows-warehouse-212717835-1-_jpg.rf.8da56765b4ab285e3da98c905ace1f10.jpg,train
dataset_1,val,IMG_20250813_135117,/Users/avnisingh/delhivery-pallet-pose/data/raw/dataset_1/train/images/IMG_20250813_135117_jpg.rf.24e707397b439249caee7592aa5fb8d4.jpg,train
dataset_1,train,C5C21K,/Users/avnisingh/delhivery-pallet-pose/data/raw/dataset_1/train/images/C5C21K_jpg.rf.6cf1d1f25124b979cd5e2e674698a793.jpg,train
dataset_1,train,IMG_20250729_084004,/Users/avnisingh/delhivery-pallet-pose/data/raw/dataset_1/train/images/IMG_20250729_084004_jpg.rf.90d228124bb55231031c984bfc25813e.jpg,train
dataset_1,test,images11_jpeg,/Users/avnisingh/delhivery-pallet-pose/data/raw/dataset_1/train/images/images11_jpeg_jpg.rf.5daf972c5d912d8a0d347276ce8d790a.jpg,train
dataset_1,train,IMG_20250729_083517,/Users/avnisingh/delhivery-pallet-pose/data/raw/dataset_1/train/images/IMG_20250729_083517_jpg.rf.b8eb1d531548a1aac3751e88bdfa137e.jpg,train
dataset_1,train,IMG_20250806_104140,/Users/avnisingh/delhivery-pallet-pose/data/raw/dataset_1/train/images/IMG_20250806_104140_jpg.rf.2116a0df56e989a33e3f312ce020d252.jpg,train
dataset_1,train,DGKWTE,/Users/avnisingh/delhivery-pallet-pose/data/raw/dataset_1/train/images/DGKWTE_jpg.rf.dfbea9c3d7a9dd1cef9e82c2e1943f20.jpg,train
dataset_1,test,IMG_20250806_103755,/Users/avnisingh/delhivery-pallet-pose/data/raw/dataset_1/train/images/IMG_20250806_103755_jpg.rf.34abca885b7d2f9c66d7c26d5ae9d29d.jpg,train
dataset_1,train,IMG_20250729_084250,/Users/avnisingh/delhivery-pallet-pose/data/raw/dataset_1/train/images/IMG_20250729_084250_jpg.rf.f152407c7eb811c0b85f80ddac5d1d64.jpg,train
dataset_1,train,IMG_20250813_135435,/Users/avnisingh/delhivery-pallet-pose/data/raw/dataset_1/train/images/IMG_20250813_135435_jpg.rf.86f6a0441d10e41c959c7c1ef5d70a0f.jpg,train
dataset_1,train,IMG_20250806_104115,/Users/avnisingh/delhivery-pallet-pose/data/raw/dataset_1/train/images/IMG_20250806_104115_jpg.rf.3540d230e0f869f2af890f1cf2c72628.jpg,train
dataset_1,train,IMG_20250729_083723,/Users/avnisingh/delhivery-pallet-pose/data/raw/dataset_1/train/images/IMG_20250729_083723_jpg.rf.b565b0ba369debc242d7f44ececc7d31.jpg,train
dataset_1,test,pallets-yellow-color-wall-background-cargo-industrial-texture-50492568,/Users/avnisingh/delhivery-pallet-pose/data/raw/dataset_1/train/images/pallets-yellow-color-wall-background-cargo-industrial-texture-50492568_jpg.rf.db2ae0e3cd47b603180fbd0253e95f46.jpg,train
dataset_1,train,group-full-big-bags-on-wooden-pallets-storage-of-bulk-cargo-in-big-bags-at-an-open-storage-area-the-railway-in-the-background-logistic-topics-sele-2B70WAX,/Users/avnisingh/delhivery-pallet-pose/data/raw/dataset_1/train/images/group-full-big-bags-on-wooden-pallets-storage-of-bulk-cargo-in-big-bags-at-an-open-storage-area-the-railway-in-the-background-logistic-topics-sele-2B70WAX_jpg.rf.b26eaac8945f5f6e6566ae622c42baec.jpg,train
dataset_1,train,IMG_20250729_085042,/Users/avnisingh/delhivery-pallet-pose/data/raw/dataset_1/train/images/IMG_20250729_085042_jpg.rf.90b15d044e41f6b107c981eadb09ade9.jpg,train
dataset_1,train,IMG_20250729_083703,/Users/avnisingh/delhivery-pallet-pose/data/raw/dataset_1/train/images/IMG_20250729_083703_jpg.rf.3af1923a22471bdcf695ac717c3d9382.jpg,train
dataset_1,train,137896011-old-rusty-metal-pallets-in-production,/Users/avnisingh/delhivery-pallet-pose/data/raw/dataset_1/train/images/137896011-old-rusty-metal-pallets-in-production_jpg.rf.1b59946bbdf9061a7da616fffbbf26fe.jpg,train
dataset_1,train,IMG_20250729_083852,/Users/avnisingh/delhivery-pallet-pose/data/raw/dataset_1/train/images/IMG_20250729_083852_jpg.rf.b98871730007811ae06122caa9b404fc.jpg,train
dataset_1,train,IMG_20250729_083512,/Users/avnisingh/delhivery-pallet-pose/data/raw/dataset_1/train/images/IMG_20250729_083512_jpg.rf.ac99014b49f6aeb6d2749b4200841f4c.jpg,train
dataset_1,train,IMG_20250729_085055,/Users/avnisingh/delhivery-pallet-pose/data/raw/dataset_1/train/images/IMG_20250729_085055_jpg.rf.782820db60c593941642bed0e91f0e52.jpg,train
dataset_1,test,C5D4TR,/Users/avnisingh/delhivery-pallet-pose/data/raw/dataset_1/train/images/C5D4TR_jpg.rf.72eb13d74f8693f1a32ade90df733cfa.jpg,train
dataset_1,train,wood-pallets-4395709,/Users/avnisingh/delhivery-pallet-pose/data/raw/dataset_1/train/images/wood-pallets-4395709_jpg.rf.e92815bfe6b92d42519992ba890318d9.jpg,train
dataset_1,train,IMG_20250813_135804,/Users/avnisingh/delhivery-pallet-pose/data/raw/dataset_1/train/images/IMG_20250813_135804_jpg.rf.7c19e480452d6bc3ed3c7dc22a9a5e1a.jpg,train
dataset_1,train,0488,/Users/avnisingh/delhivery-pallet-pose/data/raw/dataset_1/train/images/0488_jpg.rf.350ffcfa6173475fbbd79522806a218e.jpg,train
dataset_1,train,IMG_20250729_083828,/Users/avnisingh/delhivery-pallet-pose/data/raw/dataset_1/train/images/IMG_20250729_083828_jpg.rf.61dbfacfb7f43cb42256919fe7ba84f1.jpg,train
dataset_1,train,EA08YD,/Users/avnisingh/delhivery-pallet-pose/data/raw/dataset_1/train/images/EA08YD_jpg.rf.62ca8451312b812de7b29b5c18a5d8c1.jpg,train
dataset_1,val,P94F69,/Users/avnisingh/delhivery-pallet-pose/data/raw/dataset_1/train/images/P94F69_jpg.rf.ada1806aaccf19c69d76c20bafa8c97d.jpg,train
dataset_1,train,0538,/Users/avnisingh/delhivery-pallet-pose/data/raw/dataset_1/train/images/0538_jpg.rf.7a1d8696e7ad6834b1516a9640264186.jpg,train
dataset_1,train,IMG_20250729_083517,/Users/avnisingh/delhivery-pallet-pose/data/raw/dataset_1/train/images/IMG_20250729_083517_jpg.rf.ce052ec9e05039a54531aa730a75881a.jpg,train
dataset_1,val,IMG_20250729_083928,/Users/avnisingh/delhivery-pallet-pose/data/raw/dataset_1/train/images/IMG_20250729_083928_jpg.rf.54adbc389f6008a9ca020fde1ed8f868.jpg,train
dataset_1,train,IMG_20250729_083652,/Users/avnisingh/delhivery-pallet-pose/data/raw/dataset_1/train/images/IMG_20250729_083652_jpg.rf.42c7fffaba90797e0353e5f610e4eb6b.jpg,train
dataset_1,train,IMG_20250813_135810,/Users/avnisingh/delhivery-pallet-pose/data/raw/dataset_1/train/images/IMG_20250813_135810_jpg.rf.2832567a43aee9729db6d8c4c16b55b5.jpg,train
dataset_1,train,IMG_20250729_083840,/Users/avnisingh/delhivery-pallet-pose/data/raw/dataset_1/train/images/IMG_20250729_083840_jpg.rf.e8557adb1bd777b96857105e76554b50.jpg,train
dataset_1,train,IMG_20250813_135825,/Users/avnisingh/delhivery-pallet-pose/data/raw/dataset_1/train/images/IMG_20250813_135825_jpg.rf.2183dcc4e69636ca15b2902238c947cd.jpg,train
dataset_1,train,IMG_20250806_104502,/Users/avnisingh/delhivery-pallet-pose/data/raw/dataset_1/train/images/IMG_20250806_104502_jpg.rf.0db5d8d7ba58fa3b81bf9fe4a74c290d.jpg,train
dataset_1,train,MHP9X3,/Users/avnisingh/delhivery-pallet-pose/data/raw/dataset_1/train/images/MHP9X3_jpg.rf.f853b47a93f6492a3ec09b0d59208ba8.jpg,train
dataset_1,val,IMG_20250729_083713,/Users/avnisingh/delhivery-pallet-pose/data/raw/dataset_1/train/images/IMG_20250729_083713_jpg.rf.fa42ec03eb2a9ef2d38ad36e86a38509.jpg,train
dataset_1,val,IMG_20250813_135701,/Users/avnisingh/delhivery-pallet-pose/data/raw/dataset_1/train/images/IMG_20250813_135701_jpg.rf.4e8c2b9452a4a69cbb3c24d6a64dcb5e.jpg,train
dataset_1,train,images128_jpeg,/Users/avnisingh/delhivery-pallet-pose/data/raw/dataset_1/train/images/images128_jpeg_jpg.rf.5877364de6e5da9f899275efc680f774.jpg,train
dataset_1,val,IMG_20250729_085036,/Users/avnisingh/delhivery-pallet-pose/data/raw/dataset_1/train/images/IMG_20250729_085036_jpg.rf.0ae3ee8608d49c1e201c1ff7ad46d608.jpg,train
dataset_1,train,IMG_20250806_104125,/Users/avnisingh/delhivery-pallet-pose/data/raw/dataset_1/train/images/IMG_20250806_104125_jpg.rf.2f0dfd2dc6ca5371a8835281dd904441.jpg,train
dataset_1,val,P94F69,/Users/avnisingh/delhivery-pallet-pose/data/raw/dataset_1/train/images/P94F69_jpg.rf.47340084aad1c7c8382c198187940ab4.jpg,train
dataset_1,train,IMG_20250806_104536,/Users/avnisingh/delhivery-pallet-pose/data/raw/dataset_1/train/images/IMG_20250806_104536_jpg.rf.aa2a8e18a2698df2cc167adc5a9c5a13.jpg,train
dataset_1,train,IMG_20250729_084331,/Users/avnisingh/delhivery-pallet-pose/data/raw/dataset_1/train/images/IMG_20250729_084331_jpg.rf.4f28cb309e841cfbaa1721fc7ad4865c.jpg,train
dataset_1,train,IMG_20250729_084021,/Users/avnisingh/delhivery-pallet-pose/data/raw/dataset_1/train/images/IMG_20250729_084021_jpg.rf.2d576a1994845bb29fd3d7c71a57a908.jpg,train
dataset_1,train,IMG_20250806_104149,/Users/avnisingh/delhivery-pallet-pose/data/raw/dataset_1/train/images/IMG_20250806_104149_jpg.rf.12ac81018c36bc6aafad2345bc4ef2f6.jpg,train
dataset_1,train,M2F7DY,/Users/avnisingh/delhivery-pallet-pose/data/raw/dataset_1/train/images/M2F7DY_jpg.rf.fb2c54c7af277bf5242f8a9c3bfe82bd.jpg,train
dataset_1,val,IMG_20250729_083928,/Users/avnisingh/delhivery-pallet-pose/data/raw/dataset_1/train/images/IMG_20250729_083928_jpg.rf.42daf53f89a25cbc5d6d2589c8975c96.jpg,train
dataset_1,test,2A3N3NB,/Users/avnisingh/delhivery-pallet-pose/data/raw/dataset_1/train/images/2A3N3NB_jpg.rf.ea1e2a55b49339810918c059a6a35900.jpg,train
dataset_1,train,IMG_20250729_083940,/Users/avnisingh/delhivery-pallet-pose/data/raw/dataset_1/train/images/IMG_20250729_083940_jpg.rf.cf7bfee65455e7cc3bf11594f26ee810.jpg,train
dataset_1,train,P8C2BE,/Users/avnisingh/delhivery-pallet-pose/data/raw/dataset_1/train/images/P8C2BE_jpg.rf.dbe266eff260532030e712761824ef60.jpg,train
dataset_1,train,0556,/Users/avnisingh/delhivery-pallet-pose/data/raw/dataset_1/train/images/0556_jpg.rf.35588da2f9841530c4bcc53cdc2033de.jpg,train
dataset_1,train,IMG_20250813_135406,/Users/avnisingh/delhivery-pallet-pose/data/raw/dataset_1/train/images/IMG_20250813_135406_jpg.rf.d6b05e3ee06a0150834be942452b9794.jpg,train
dataset_1,train,IMG_20250729_084631,/Users/avnisingh/delhivery-pallet-pose/data/raw/dataset_1/train/images/IMG_20250729_084631_jpg.rf.b4ef6614533283e757692377393c9428.jpg,train
dataset_1,train,IMG_20250729_085049,/Users/avnisingh/delhivery-pallet-pose/data/raw/dataset_1/train/images/IMG_20250729_085049_jpg.rf.a542c3b30ac43aa06a2915d82545b35a.jpg,train
dataset_1,train,0444,/Users/avnisingh/delhivery-pallet-pose/data/raw/dataset_1/train/images/0444_jpg.rf.f0b31604a99a7729ea90796e03604df9.jpg,train
dataset_1,train,wooden-pallets-23311358,/Users/avnisingh/delhivery-pallet-pose/data/raw/dataset_1/train/images/wooden-pallets-23311358_jpg.rf.37f3a1693c19903ca032e215d794b2de.jpg,train
dataset_1,train,IMG_20250806_103934,/Users/avnisingh/delhivery-pallet-pose/data/raw/dataset_1/train/images/IMG_20250806_103934_jpg.rf.6a6d821459b2bcf114bde032d5f3cd85.jpg,train
dataset_1,train,IMG_20250729_085049,/Users/avnisingh/delhivery-pallet-pose/data/raw/dataset_1/train/images/IMG_20250729_085049_jpg.rf.5175aecf133ee253958ea70d41564687.jpg,train
dataset_1,train,0550,/Users/avnisingh/delhivery-pallet-pose/data/raw/dataset_1/train/images/0550_jpg.rf.d6629556f1ba62bcc8f25f016565a630.jpg,train
dataset_1,train,IMG_20250806_104050,/Users/avnisingh/delhivery-pallet-pose/data/raw/dataset_1/train/images/IMG_20250806_104050_jpg.rf.fc14bd326625891e5a94f9b58b093170.jpg,train
dataset_1,train,IMG_20250729_083912,/Users/avnisingh/delhivery-pallet-pose/data/raw/dataset_1/train/images/IMG_20250729_083912_jpg.rf.4a2fc2b2c938265a9c86f764558f8904.jpg,train
dataset_1,test,IMG_20250806_103953,/Users/avnisingh/delhivery-pallet-pose/data/raw/dataset_1/train/images/IMG_20250806_103953_jpg.rf.de1165c9de340c8ac99414e7d80c85ec.jpg,train
dataset_1,train,0434,/Users/avnisingh/delhivery-pallet-pose/data/raw/dataset_1/train/images/0434_jpg.rf.1d1275f50dbdfb4696e83bb987ea52c8.jpg,train
dataset_1,test,wooden-pallets-stock-factory-backyard-pile-87613128,/Users/avnisingh/delhivery-pallet-pose/data/raw/dataset_1/train/images/wooden-pallets-stock-factory-backyard-pile-87613128_jpg.rf.3678fc4388a52535a5b3023de0cc28a7.jpg,train
dataset_1,val,IMG_20250806_104456,/Users/avnisingh/delhivery-pallet-pose/data/raw/dataset_1/train/images/IMG_20250806_104456_jpg.rf.6cd89fb379b82fe72c909ebb06b6c0d0.jpg,train
dataset_1,train,IMG_20250729_084004,/Users/avnisingh/delhivery-pallet-pose/data/raw/dataset_1/train/images/IMG_20250729_084004_jpg.rf.b7f2a704d78c59d18496f1af5ff9831c.jpg,train
dataset_1,train,images26_jpeg,/Users/avnisingh/delhivery-pallet-pose/data/raw/dataset_1/train/images/images26_jpeg_jpg.rf.a325b766eb8f1e4a949cdc0fc97a95be.jpg,train
dataset_1,train,a-pile-of-old-wooden-pallets-stacked-outdoors-painted-in-different-colors-2AYA42G,/Users/avnisingh/delhivery-pallet-pose/data/raw/dataset_1/train/images/a-pile-of-old-wooden-pallets-stacked-outdoors-painted-in-different-colors-2AYA42G_jpg.rf.2cc1d14375df523028d2a79050e63542.jpg,train
dataset_1,train,images6_jpeg,/Users/avnisingh/delhivery-pallet-pose/data/raw/dataset_1/train/images/images6_jpeg_jpg.rf.d8e5eb0be19d20bfc73bceefce00c67a.jpg,train
dataset_1,train,IMG_20250729_084013,/Users/avnisingh/delhivery-pallet-pose/data/raw/dataset_1/train/images/IMG_20250729_084013_jpg.rf.9521266250a2f4bf93df5f86568c5a98.jpg,train
dataset_1,train,IMG_20250806_104544,/Users/avnisingh/delhivery-pallet-pose/data/raw/dataset_1/train/images/IMG_20250806_104544_jpg.rf.9793fb5973cc61d1c8f58c983e585c79.jpg,train
dataset_1,val,image24,/Users/avnisingh/delhivery-pallet-pose/data/raw/dataset_1/train/images/image24_jpg.rf.c3decbf30e9ca818c405e7964e026827.jpg,train
dataset_1,train,IMG_20250813_135249,/Users/avnisingh/delhivery-pallet-pose/data/raw/dataset_1/train/images/IMG_20250813_135249_jpg.rf.d477c70da123c4d2824c9fc9e509fe10.jpg,train
dataset_1,train,IMG_20250729_133052,/Users/avnisingh/delhivery-pallet-pose/data/raw/dataset_1/train/images/IMG_20250729_133052_jpg.rf.c3ab27287bd3d35695e179bf7b72be2b.jpg,train
dataset_1,train,IMG_20250729_085059,/Users/avnisingh/delhivery-pallet-pose/data/raw/dataset_1/train/images/IMG_20250729_085059_jpg.rf.44a1e39ce090858668055b6814d54e28.jpg,train
dataset_1,train,IMG_20250729_133054,/Users/avnisingh/delhivery-pallet-pose/data/raw/dataset_1/train/images/IMG_20250729_133054_jpg.rf.80d549fc958a3ebd75ed1bfe60a8920a.jpg,train
dataset_1,train,IMG_20250813_140303,/Users/avnisingh/delhivery-pallet-pose/data/raw/dataset_1/train/images/IMG_20250813_140303_jpg.rf.28a9ba73d75eb320bcd566b2452d70c3.jpg,train
dataset_1,train,2C1CJJE,/Users/avnisingh/delhivery-pallet-pose/data/raw/dataset_1/train/images/2C1CJJE_jpg.rf.3af32a61f5fbf4eded712884dc8d57eb.jpg,train
dataset_1,train,IMG_20250813_135810,/Users/avnisingh/delhivery-pallet-pose/data/raw/dataset_1/train/images/IMG_20250813_135810_jpg.rf.fb82f2799470af6330b5719428ee8b94.jpg,train
dataset_1,train,IMG_20250813_135505,/Users/avnisingh/delhivery-pallet-pose/data/raw/dataset_1/train/images/IMG_20250813_135505_jpg.rf.446eba0c8920d991a53b2fd895b878c3.jpg,train
dataset_1,train,IMG_20250813_135042,/Users/avnisingh/delhivery-pallet-pose/data/raw/dataset_1/train/images/IMG_20250813_135042_jpg.rf.4689bbd773567007097d76bc1a7d520b.jpg,train
dataset_1,train,IMG_20250729_083931,/Users/avnisingh/delhivery-pallet-pose/data/raw/dataset_1/train/images/IMG_20250729_083931_jpg.rf.18d2531f7296ff1adec9b54af2b66c81.jpg,train
dataset_1,val,IMG_20250806_103910,/Users/avnisingh/delhivery-pallet-pose/data/raw/dataset_1/train/images/IMG_20250806_103910_jpg.rf.33d38dbf6f942c48aced3c9c9208244c.jpg,train
dataset_1,train,IMG_20250806_104135,/Users/avnisingh/delhivery-pallet-pose/data/raw/dataset_1/train/images/IMG_20250806_104135_jpg.rf.61d11c45208ab1a3ce752ebb0c63c4d9.jpg,train
dataset_1,val,IMG_20250729_083824,/Users/avnisingh/delhivery-pallet-pose/data/raw/dataset_1/train/images/IMG_20250729_083824_jpg.rf.3295de251cddf4c839ea79bfa9fa0d7b.jpg,train
dataset_1,train,IMG_20250729_084623,/Users/avnisingh/delhivery-pallet-pose/data/raw/dataset_1/train/images/IMG_20250729_084623_jpg.rf.a9f15247e3f2ba1c881952a1a07978fb.jpg,train
dataset_1,train,IMG_20250729_084635,/Users/avnisingh/delhivery-pallet-pose/data/raw/dataset_1/train/images/IMG_20250729_084635_jpg.rf.101fc3ee84169e50bb36f54da57a4bc5.jpg,train
dataset_1,train,IMG_20250729_083612,/Users/avnisingh/delhivery-pallet-pose/data/raw/dataset_1/train/images/IMG_20250729_083612_jpg.rf.e13c17a58ea94be230667e246ab37e7c.jpg,train
dataset_1,val,images88_jpeg,/Users/avnisingh/delhivery-pallet-pose/data/raw/dataset_1/train/images/images88_jpeg_jpg.rf.89afccac9c38f228c85e4577a5a15d84.jpg,train
dataset_1,train,IMG_20250729_083523,/Users/avnisingh/delhivery-pallet-pose/data/raw/dataset_1/train/images/IMG_20250729_083523_jpg.rf.dba54c2694a9bd46ccacc96b702d186d.jpg,train
dataset_1,train,1000_F_287782796_8eIt4cu6xm4X7O8W36axFWAkbrbsyZtx,/Users/avnisingh/delhivery-pallet-pose/data/raw/dataset_1/train/images/1000_F_287782796_8eIt4cu6xm4X7O8W36axFWAkbrbsyZtx_jpg.rf.01630782613bf7d51451c7787b548922.jpg,train
dataset_1,val,E1Y5Y8,/Users/avnisingh/delhivery-pallet-pose/data/raw/dataset_1/train/images/E1Y5Y8_jpg.rf.e5959dd7230640386b091a3ec9131b78.jpg,train
dataset_1,test,IMG_20250729_084141,/Users/avnisingh/delhivery-pallet-pose/data/raw/dataset_1/train/images/IMG_20250729_084141_jpg.rf.2b7aa49693b26300d2a07e8e4ce68ef5.jpg,train
dataset_1,train,images119_jpeg,/Users/avnisingh/delhivery-pallet-pose/data/raw/dataset_1/train/images/images119_jpeg_jpg.rf.3cd39ae67e7d095eb98649fe9c2a99c9.jpg,train
dataset_1,val,wooden-pallets-4422065-1-,/Users/avnisingh/delhivery-pallet-pose/data/raw/dataset_1/train/images/wooden-pallets-4422065-1-_jpg.rf.ae4c58afa21dad41bf5d9ff1cad2cbc3.jpg,train
dataset_1,train,IMG_20250813_135753,/Users/avnisingh/delhivery-pallet-pose/data/raw/dataset_1/train/images/IMG_20250813_135753_jpg.rf.17ffea5bdbb3c24cb55c4f410c97473f.jpg,train
dataset_1,test,IMG_20250729_084112,/Users/avnisingh/delhivery-pallet-pose/data/raw/dataset_1/train/images/IMG_20250729_084112_jpg.rf.d0fe8b8bfbccc9efb6072363a61a1990.jpg,train
dataset_1,train,stacked-pallets-symbol-photo-freight-transport-logistics-46881805,/Users/avnisingh/delhivery-pallet-pose/data/raw/dataset_1/train/images/stacked-pallets-symbol-photo-freight-transport-logistics-46881805_jpg.rf.3edc1db7755a417556e1ace8fe9ff128.jpg,train
dataset_1,train,wooden-euro-pallets-stacked-big-industrial-storehouse-wooden-euro-pallets-stacked-big-industrial-storehouse-173332482,/Users/avnisingh/delhivery-pallet-pose/data/raw/dataset_1/train/images/wooden-euro-pallets-stacked-big-industrial-storehouse-wooden-euro-pallets-stacked-big-industrial-storehouse-173332482_jpg.rf.daa1605eeda2e82c5855c2e8fecb9fd0.jpg,train
dataset_1,train,IMG_20250729_083937,/Users/avnisingh/delhivery-pallet-pose/data/raw/dataset_1/train/images/IMG_20250729_083937_jpg.rf.23a68b2830e0a595d11fb3354c841fb9.jpg,train
dataset_1,train,IMG_20250813_140418,/Users/avnisingh/delhivery-pallet-pose/data/raw/dataset_1/train/images/IMG_20250813_140418_jpg.rf.45f110725c0d900d9654664f1eb8dc9b.jpg,train
dataset_1,train,IMG_20250729_084550,/Users/avnisingh/delhivery-pallet-pose/data/raw/dataset_1/train/images/IMG_20250729_084550_jpg.rf.61891af295f58f34b338e0af3bf618c3.jpg,train
dataset_1,train,IMG_20250729_083557,/Users/avnisingh/delhivery-pallet-pose/data/raw/dataset_1/train/images/IMG_20250729_083557_jpg.rf.e098180e6ce5daf2b0131b2363292a26.jpg,train
dataset_1,test,0532,/Users/avnisingh/delhivery-pallet-pose/data/raw/dataset_1/train/images/0532_jpg.rf.8eb534fcd8507d0a7e4be6c1481d8b71.jpg,train
dataset_1,train,0546,/Users/avnisingh/delhivery-pallet-pose/data/raw/dataset_1/train/images/0546_jpg.rf.633fd27ef9014c5546d7b8992a202c11.jpg,train
dataset_1,train,0434,/Users/avnisingh/delhivery-pallet-pose/data/raw/dataset_1/train/images/0434_jpg.rf.61b5475016e8befb36c121749485c2c0.jpg,train
dataset_1,train,IMG_20250729_083631,/Users/avnisingh/delhivery-pallet-pose/data/raw/dataset_1/train/images/IMG_20250729_083631_jpg.rf.621d6ed7f1aefef7cf00655813726b09.jpg,train
dataset_1,train,sddefault,/Users/avnisingh/delhivery-pallet-pose/data/raw/dataset_1/train/images/sddefault_jpg.rf.8381b444858d75810c63b19e3d0b594e.jpg,train
dataset_1,val,IMG_20250729_084255,/Users/avnisingh/delhivery-pallet-pose/data/raw/dataset_1/train/images/IMG_20250729_084255_jpg.rf.1a00c9c28176e311b0e303092dac83c6.jpg,train
dataset_1,train,pallet-wood-old-blue-boards-boats-store-transportation-W49M56,/Users/avnisingh/delhivery-pallet-pose/data/raw/dataset_1/train/images/pallet-wood-old-blue-boards-boats-store-transportation-W49M56_jpg.rf.e2cbf263b6e2698cc738e12029942c84.jpg,train
dataset_1,train,IMG_20250729_083828,/Users/avnisingh/delhivery-pallet-pose/data/raw/dataset_1/train/images/IMG_20250729_083828_jpg.rf.5a058db34c3f11b4c972e96212f5172d.jpg,train
dataset_1,train,piles-wooden-cargo-pallets-stacked-pallet-warehouse-223996293,/Users/avnisingh/delhivery-pallet-pose/data/raw/dataset_1/train/images/piles-wooden-cargo-pallets-stacked-pallet-warehouse-223996293_jpg.rf.4188f15553c5043d00b48f6e1095f302.jpg,train
dataset_1,train,B8KK2H,/Users/avnisingh/delhivery-pallet-pose/data/raw/dataset_1/train/images/B8KK2H_jpg.rf.df98c982f2b1b9fd7241997f0eeb693d.jpg,train
dataset_1,val,wooden-pallets-placed-warehouse-coutyard-20266418,/Users/avnisingh/delhivery-pallet-pose/data/raw/dataset_1/train/images/wooden-pallets-placed-warehouse-coutyard-20266418_jpg.rf.18707a417fcc4daf6476b20f0e9a24f4.jpg,train
dataset_1,test,IMG_20250729_133047,/Users/avnisingh/delhivery-pallet-pose/data/raw/dataset_1/train/images/IMG_20250729_133047_jpg.rf.73767e453377d47c5b53ef663b4c2334.jpg,train
dataset_1,train,IMG_20250729_083605,/Users/avnisingh/delhivery-pallet-pose/data/raw/dataset_1/train/images/IMG_20250729_083605_jpg.rf.ade632db2699c19bed794cbcc678ba0a.jpg,train
dataset_1,val,IMG_20250729_084108,/Users/avnisingh/delhivery-pallet-pose/data/raw/dataset_1/train/images/IMG_20250729_084108_jpg.rf.3abe3d8d36bf83314aeaf56b7169975e.jpg,train
dataset_1,train,EA08YD,/Users/avnisingh/delhivery-pallet-pose/data/raw/dataset_1/train/images/EA08YD_jpg.rf.d028df094b36ea3d79615a545057a8c0.jpg,train
dataset_1,train,worker-on-loader-transports-pallets-2AF0G87,/Users/avnisingh/delhivery-pallet-pose/data/raw/dataset_1/train/images/worker-on-loader-transports-pallets-2AF0G87_jpg.rf.80a7e83cbcfa55f5021e1e9e6137bc69.jpg,train
dataset_1,val,IMG_20250806_103910,/Users/avnisingh/delhivery-pallet-pose/data/raw/dataset_1/train/images/IMG_20250806_103910_jpg.rf.eff59976463bbe6d2e7cb18290e2d473.jpg,train
dataset_1,train,IMG_20250729_083813,/Users/avnisingh/delhivery-pallet-pose/data/raw/dataset_1/train/images/IMG_20250729_083813_jpg.rf.106fa741c17a1859ac1e486c1f153611.jpg,train
dataset_1,train,0502,/Users/avnisingh/delhivery-pallet-pose/data/raw/dataset_1/train/images/0502_jpg.rf.97e4087977c3b90bfed4fde0df872d81.jpg,train
dataset_1,val,0508,/Users/avnisingh/delhivery-pallet-pose/data/raw/dataset_1/train/images/0508_jpg.rf.b7b5ce74a1bce9d1281e824aad374876.jpg,train
dataset_1,train,IMG_20250813_135912,/Users/avnisingh/delhivery-pallet-pose/data/raw/dataset_1/train/images/IMG_20250813_135912_jpg.rf.e4e3f9217d96e2ace0c911bad5b44239.jpg,train
dataset_1,train,IMG_20250729_084508,/Users/avnisingh/delhivery-pallet-pose/data/raw/dataset_1/train/images/IMG_20250729_084508_jpg.rf.ca0769c560fc69796f20becbf682b0c9.jpg,train
dataset_1,train,plastic-pallets-stacked-can-cause-accidents-factory-38453013,/Users/avnisingh/delhivery-pallet-pose/data/raw/dataset_1/train/images/plastic-pallets-stacked-can-cause-accidents-factory-38453013_jpg.rf.3f97e9fe407646b102fc3591e6bb8248.jpg,train
dataset_1,train,images128_jpeg,/Users/avnisingh/delhivery-pallet-pose/data/raw/dataset_1/train/images/images128_jpeg_jpg.rf.7b91441fd822734b15912058ea3e612a.jpg,train
dataset_1,train,IMG_20250806_104115,/Users/avnisingh/delhivery-pallet-pose/data/raw/dataset_1/train/images/IMG_20250806_104115_jpg.rf.9d28dc053df6bc0298fcbfbb180447bc.jpg,train
dataset_1,test,IMG_20250729_083753,/Users/avnisingh/delhivery-pallet-pose/data/raw/dataset_1/train/images/IMG_20250729_083753_jpg.rf.7e3aa9312a7aa21a6dbffd4a4ae036e7.jpg,train
dataset_1,train,IMG_20250813_135939,/Users/avnisingh/delhivery-pallet-pose/data/raw/dataset_1/train/images/IMG_20250813_135939_jpg.rf.e54e9c4e06a11dd2fe833ed37519f8ae.jpg,train
dataset_1,train,wooden-transport-pallets-stacks-ready-delivery-31089306,/Users/avnisingh/delhivery-pallet-pose/data/raw/dataset_1/train/images/wooden-transport-pallets-stacks-ready-delivery-31089306_jpg.rf.03bf9bea01165d1315388ece287c4e44.jpg,train
dataset_1,val,pallets-stacks-psllets-stavks-yellow-wood-bavkground-wallpaper-43549800,/Users/avnisingh/delhivery-pallet-pose/data/raw/dataset_1/train/images/pallets-stacks-psllets-stavks-yellow-wood-bavkground-wallpaper-43549800_jpg.rf.49f32088680e2982afbb15297a90b5dc.jpg,train
dataset_1,train,IMG_20250729_084635,/Users/avnisingh/delhivery-pallet-pose/data/raw/dataset_1/train/images/IMG_20250729_084635_jpg.rf.9fcb6476f051bcb5456a847bdf793d13.jpg,train
dataset_1,val,IMG_20250729_083713,/Users/avnisingh/delhivery-pallet-pose/data/raw/dataset_1/train/images/IMG_20250729_083713_jpg.rf.95024c76e1abbab45ce2dd03ca6dfe84.jpg,train
dataset_1,test,wooden-pallets-stock-factory-backyard-pile-87613128,/Users/avnisingh/delhivery-pallet-pose/data/raw/dataset_1/train/images/wooden-pallets-stock-factory-backyard-pile-87613128_jpg.rf.39fbc2a2f48bc514453c779ac98d0809.jpg,train
dataset_1,train,P8C2BE,/Users/avnisingh/delhivery-pallet-pose/data/raw/dataset_1/train/images/P8C2BE_jpg.rf.ebf217f06b75bf56da4c38f7d60a7a51.jpg,train
dataset_1,train,IMG_20250729_083937,/Users/avnisingh/delhivery-pallet-pose/data/raw/dataset_1/train/images/IMG_20250729_083937_jpg.rf.daa4142724dfecc153c1f152459bd86c.jpg,train
dataset_1,train,IMG_20250729_083852,/Users/avnisingh/delhivery-pallet-pose/data/raw/dataset_1/train/images/IMG_20250729_083852_jpg.rf.a15990ca7ba3bfabe844be28e94f6c10.jpg,train
dataset_1,train,IMG_20250729_084515,/Users/avnisingh/delhivery-pallet-pose/data/raw/dataset_1/train/images/IMG_20250729_084515_jpg.rf.76c1e8b1e1bbf2c2175a5cd655e165c8.jpg,train
dataset_1,val,IMG_20250729_083713,/Users/avnisingh/delhivery-pallet-pose/data/raw/dataset_1/train/images/IMG_20250729_083713_jpg.rf.8640029505728b9da69f41e79ab217f0.jpg,train
dataset_1,val,IMG_20250729_083817,/Users/avnisingh/delhivery-pallet-pose/data/raw/dataset_1/train/images/IMG_20250729_083817_jpg.rf.3635f4797b5d9c01f623b1bc19a590b7.jpg,train
dataset_1,train,happy-young-worker-protective-uniform-front-wooden-pallets-happy-young-worker-protective-uniform-front-wooden-171042503,/Users/avnisingh/delhivery-pallet-pose/data/raw/dataset_1/train/images/happy-young-worker-protective-uniform-front-wooden-pallets-happy-young-worker-protective-uniform-front-wooden-171042503_jpg.rf.f135cdd28ae2aae04bd83430606bd83b.jpg,train
dataset_1,train,0500,/Users/avnisingh/delhivery-pallet-pose/data/raw/dataset_1/train/images/0500_jpg.rf.94f0d989611fae6bb0a560162cba9bcc.jpg,train
dataset_1,test,IMG_20250729_084153,/Users/avnisingh/delhivery-pallet-pose/data/raw/dataset_1/train/images/IMG_20250729_084153_jpg.rf.d62e09b80a3c391ac64593aae416bf43.jpg,train
dataset_1,test,IMG_20250804_141337,/Users/avnisingh/delhivery-pallet-pose/data/raw/dataset_1/train/images/IMG_20250804_141337_jpg.rf.3ce10e6ae99199dea026cdd96d57b1aa.jpg,train
dataset_1,test,0468,/Users/avnisingh/delhivery-pallet-pose/data/raw/dataset_1/train/images/0468_jpg.rf.ce14170b5fa7a5270c7f0df2bd6183c9.jpg,train
dataset_1,train,IMG_20250729_083626,/Users/avnisingh/delhivery-pallet-pose/data/raw/dataset_1/train/images/IMG_20250729_083626_jpg.rf.6fd6e91c42403aef29be2ed87977783e.jpg,train
dataset_1,train,stacks-wooden-pallets-builders-yard-block-paved-surronded-lush-green-trees-overcast-day-169618883,/Users/avnisingh/delhivery-pallet-pose/data/raw/dataset_1/train/images/stacks-wooden-pallets-builders-yard-block-paved-surronded-lush-green-trees-overcast-day-169618883_jpg.rf.bc470ed1c837fae9bc30936b2dbfef61.jpg,train
dataset_1,train,IMG_20250729_085059,/Users/avnisingh/delhivery-pallet-pose/data/raw/dataset_1/train/images/IMG_20250729_085059_jpg.rf.5a01a7d7ecc7135f526e9c357e286b00.jpg,train
dataset_1,val,IMG_20250729_083507,/Users/avnisingh/delhivery-pallet-pose/data/raw/dataset_1/train/images/IMG_20250729_083507_jpg.rf.fc78595610db6698b2c13359bf945223.jpg,train
dataset_1,train,0466,/Users/avnisingh/delhivery-pallet-pose/data/raw/dataset_1/train/images/0466_jpg.rf.af74d2d4ac23f4c0b29c97395f0d3a72.jpg,train
dataset_1,train,IMG_20250806_103857,/Users/avnisingh/delhivery-pallet-pose/data/raw/dataset_1/train/images/IMG_20250806_103857_jpg.rf.743485980a423eb9c4908f03e70d03b7.jpg,train
dataset_1,test,IMG_20250729_083921,/Users/avnisingh/delhivery-pallet-pose/data/raw/dataset_1/train/images/IMG_20250729_083921_jpg.rf.43fead8b6e70a6e0bfae85c26fb4b9c3.jpg,train
dataset_1,test,WGJEH9,/Users/avnisingh/delhivery-pallet-pose/data/raw/dataset_1/train/images/WGJEH9_jpg.rf.fcccf7767f1a622a4336ec902bfb6638.jpg,train
dataset_1,train,IMG_20250806_104140,/Users/avnisingh/delhivery-pallet-pose/data/raw/dataset_1/train/images/IMG_20250806_104140_jpg.rf.5bf4c97b40f0c94c5960e16b56f6fe8f.jpg,train
dataset_1,train,0528,/Users/avnisingh/delhivery-pallet-pose/data/raw/dataset_1/train/images/0528_jpg.rf.3280ff40437eda168a67b4b0ac154686.jpg,train
dataset_1,train,EGBDW0,/Users/avnisingh/delhivery-pallet-pose/data/raw/dataset_1/train/images/EGBDW0_jpg.rf.90a1319e9840bc6d670f70da0abda9e9.jpg,train
dataset_1,test,IMG_20250729_084141,/Users/avnisingh/delhivery-pallet-pose/data/raw/dataset_1/train/images/IMG_20250729_084141_jpg.rf.ef6adaba9bd5276ca5bc91cc55236ff4.jpg,train
dataset_1,train,0442,/Users/avnisingh/delhivery-pallet-pose/data/raw/dataset_1/train/images/0442_jpg.rf.ede5b7c916218e10126c69686390034c.jpg,train
dataset_1,train,0516,/Users/avnisingh/delhivery-pallet-pose/data/raw/dataset_1/train/images/0516_jpg.rf.bb97dfa2c9d6dc97912f9dd85a0a8878.jpg,train
dataset_1,test,IMG_20250729_083805,/Users/avnisingh/delhivery-pallet-pose/data/raw/dataset_1/train/images/IMG_20250729_083805_jpg.rf.d1bbe400e58b58ce9c44e46f19845434.jpg,train
dataset_1,val,pallets-stacks-psllets-stavks-yellow-wood-bavkground-wallpaper-43549800,/Users/avnisingh/delhivery-pallet-pose/data/raw/dataset_1/train/images/pallets-stacks-psllets-stavks-yellow-wood-bavkground-wallpaper-43549800_jpg.rf.9c7cf9347e211ad5fa535da3f3a7996b.jpg,train
dataset_1,test,IMG_20250729_085107,/Users/avnisingh/delhivery-pallet-pose/data/raw/dataset_1/train/images/IMG_20250729_085107_jpg.rf.11b139105eb11b379bdcc04a21b8f27d.jpg,train
dataset_1,test,images91_jpeg,/Users/avnisingh/delhivery-pallet-pose/data/raw/dataset_1/train/images/images91_jpeg_jpg.rf.421c6223157d9b7c4ee71702a21fd638.jpg,train
dataset_1,train,0514,/Users/avnisingh/delhivery-pallet-pose/data/raw/dataset_1/train/images/0514_jpg.rf.99f3b730c338df24c312e5e3732c27ff.jpg,train
dataset_1,train,IMG_20250729_083658,/Users/avnisingh/delhivery-pallet-pose/data/raw/dataset_1/train/images/IMG_20250729_083658_jpg.rf.bad83ef423c846e93c0e621d58fc41dc.jpg,train
dataset_1,train,IMG_20250806_104129,/Users/avnisingh/delhivery-pallet-pose/data/raw/dataset_1/train/images/IMG_20250806_104129_jpg.rf.b97e40376b68a44fda1d9fd4d2bf98a5.jpg,train
dataset_1,val,0486,/Users/avnisingh/delhivery-pallet-pose/data/raw/dataset_1/train/images/0486_jpg.rf.15e1be454e2d032d0f029c62a3420727.jpg,train
dataset_1,train,0478,/Users/avnisingh/delhivery-pallet-pose/data/raw/dataset_1/train/images/0478_jpg.rf.0faca06b5bb6e0d88dc39627435d519c.jpg,train
dataset_1,train,0442,/Users/avnisingh/delhivery-pallet-pose/data/raw/dataset_1/train/images/0442_jpg.rf.33eb823bc29655c46b2f8d516b44a39b.jpg,train
dataset_1,train,IMG_20250729_133041,/Users/avnisingh/delhivery-pallet-pose/data/raw/dataset_1/train/images/IMG_20250729_133041_jpg.rf.43f3c314c4b3fb2319b824db68b32b62.jpg,train
dataset_1,train,IMG_20250813_140118,/Users/avnisingh/delhivery-pallet-pose/data/raw/dataset_1/train/images/IMG_20250813_140118_jpg.rf.811b1abfed20fb9285dbd5097bbedbcb.jpg,train
dataset_1,train,IMG_20250729_083723,/Users/avnisingh/delhivery-pallet-pose/data/raw/dataset_1/train/images/IMG_20250729_083723_jpg.rf.da09e61ffb0291db2a8050339a129d26.jpg,train
dataset_1,train,IMG_20250813_140111,/Users/avnisingh/delhivery-pallet-pose/data/raw/dataset_1/train/images/IMG_20250813_140111_jpg.rf.bd67056c5622ad2925e2244f738058c1.jpg,train
dataset_1,train,0538,/Users/avnisingh/delhivery-pallet-pose/data/raw/dataset_1/train/images/0538_jpg.rf.c0041912e1d12d1d61663307e228cfd2.jpg,train
dataset_1,train,0446,/Users/avnisingh/delhivery-pallet-pose/data/raw/dataset_1/train/images/0446_jpg.rf.02e4f9e31fd4080b0d0b1616480f2037.jpg,train
dataset_1,val,istockphoto-658920792-612x612,/Users/avnisingh/delhivery-pallet-pose/data/raw/dataset_1/train/images/istockphoto-658920792-612x612_jpg.rf.12d05965572eaee055905cab8a31f0a4.jpg,train
dataset_1,val,IMG_20250729_084255,/Users/avnisingh/delhivery-pallet-pose/data/raw/dataset_1/train/images/IMG_20250729_084255_jpg.rf.bc81b4fd8037caeae858dd347eab90de.jpg,train
dataset_1,val,IMG_20250729_083706,/Users/avnisingh/delhivery-pallet-pose/data/raw/dataset_1/train/images/IMG_20250729_083706_jpg.rf.5b3fd23473bc5c2cd51451584a5361ea.jpg,train
dataset_1,train,IMG_20250729_084205,/Users/avnisingh/delhivery-pallet-pose/data/raw/dataset_1/train/images/IMG_20250729_084205_jpg.rf.f95398e9a46153cc4fb2ee4591c1ff11.jpg,train
dataset_1,train,IMG_20250813_140454,/Users/avnisingh/delhivery-pallet-pose/data/raw/dataset_1/train/images/IMG_20250813_140454_jpg.rf.b7565fb0311a2416116ef3ee5651ec4a.jpg,train
dataset_1,train,IMG_20250813_135326,/Users/avnisingh/delhivery-pallet-pose/data/raw/dataset_1/train/images/IMG_20250813_135326_jpg.rf.c8dc51beb5bb339054c3ee7c29ad89d6.jpg,train
dataset_1,val,wood-pallets-stacked-shipping-high-50542863,/Users/avnisingh/delhivery-pallet-pose/data/raw/dataset_1/train/images/wood-pallets-stacked-shipping-high-50542863_jpg.rf.fec93fa433f921cd60676eb386661619.jpg,train
dataset_1,train,IMG_20250806_104515,/Users/avnisingh/delhivery-pallet-pose/data/raw/dataset_1/train/images/IMG_20250806_104515_jpg.rf.d6c76b1bb00aa868a8f3e11bb2a02300.jpg,train
dataset_1,test,0518,/Users/avnisingh/delhivery-pallet-pose/data/raw/dataset_1/train/images/0518_jpg.rf.7e85f8e64f671458e9ff8e513d24a1c8.jpg,train
dataset_1,train,IMG_20250806_104129,/Users/avnisingh/delhivery-pallet-pose/data/raw/dataset_1/train/images/IMG_20250806_104129_jpg.rf.7a37a79d953ee11495ec4600d35e2a40.jpg,train
dataset_1,train,pictures-many-colorful-wooden-pallets-used-loading-goods-pictures-many-colorful-wooden-pallets-158472803,/Users/avnisingh/delhivery-pallet-pose/data/raw/dataset_1/train/images/pictures-many-colorful-wooden-pallets-used-loading-goods-pictures-many-colorful-wooden-pallets-158472803_jpg.rf.3ff347067c5f39e4479e67d538e9c685.jpg,train
dataset_1,train,IMG_20250806_104502,/Users/avnisingh/delhivery-pallet-pose/data/raw/dataset_1/train/images/IMG_20250806_104502_jpg.rf.5fa4d9a3cefcf3630d1b664dfa7df91f.jpg,train
dataset_1,train,IMG_20250729_133059,/Users/avnisingh/delhivery-pallet-pose/data/raw/dataset_1/train/images/IMG_20250729_133059_jpg.rf.90dd769a399da89dd0fcd5b115420292.jpg,train
dataset_1,train,IMG_20250729_084013,/Users/avnisingh/delhivery-pallet-pose/data/raw/dataset_1/train/images/IMG_20250729_084013_jpg.rf.80930c9e1aa40c50ca2a8f42677924c0.jpg,train
dataset_1,train,pallets-stacked-outside-warehouse-athens-greece-november-pallets-stacked-outside-warehouse-196429851,/Users/avnisingh/delhivery-pallet-pose/data/raw/dataset_1/train/images/pallets-stacked-outside-warehouse-athens-greece-november-pallets-stacked-outside-warehouse-196429851_jpg.rf.bde5af25716fd12f0e129ec3b2c75cfa.jpg,train
dataset_1,train,IMG_20250729_133052,/Users/avnisingh/delhivery-pallet-pose/data/raw/dataset_1/train/images/IMG_20250729_133052_jpg.rf.e04cfbd8e455abb773a84764a46c1bc9.jpg,train
dataset_1,train,M44R3D,/Users/avnisingh/delhivery-pallet-pose/data/raw/dataset_1/train/images/M44R3D_jpg.rf.7baff4838faa8d174cbfd39f8cdbb721.jpg,train
dataset_1,train,wood-working-pallets-stacked-background-home-75212616,/Users/avnisingh/delhivery-pallet-pose/data/raw/dataset_1/train/images/wood-working-pallets-stacked-background-home-75212616_jpg.rf.7cc49fb7bed0814e6016d65a9b52f61f.jpg,train
dataset_1,test,IMG_20250813_135652,/Users/avnisingh/delhivery-pallet-pose/data/raw/dataset_1/train/images/IMG_20250813_135652_jpg.rf.621b135a98a53e2e51fe7f4f2c3acd7c.jpg,train
dataset_1,train,IMG_20250729_085113,/Users/avnisingh/delhivery-pallet-pose/data/raw/dataset_1/train/images/IMG_20250729_085113_jpg.rf.a2a39cb8287d558a90ffb048756cf53c.jpg,train
dataset_1,train,IMG_20250729_083605,/Users/avnisingh/delhivery-pallet-pose/data/raw/dataset_1/train/images/IMG_20250729_083605_jpg.rf.4c97172f9257bc06f6dcae6b634b6fca.jpg,train
dataset_1,train,IMG_20250729_083934,/Users/avnisingh/delhivery-pallet-pose/data/raw/dataset_1/train/images/IMG_20250729_083934_jpg.rf.e76d0edc6af15ac7b9fd3d4c6975b98f.jpg,train
dataset_1,train,images35_jpeg,/Users/avnisingh/delhivery-pallet-pose/data/raw/dataset_1/train/images/images35_jpeg_jpg.rf.a9cc47c9fc889edbaeaf6a973fc915c0.jpg,train
dataset_1,train,images13_jpeg,/Users/avnisingh/delhivery-pallet-pose/data/raw/dataset_1/train/images/images13_jpeg_jpg.rf.ff1e10c88a6ae1ebea25f80e2e7a3526.jpg,train
dataset_1,train,IMG_20250729_083802,/Users/avnisingh/delhivery-pallet-pose/data/raw/dataset_1/train/images/IMG_20250729_083802_jpg.rf.625b1b980fedccac7ac7557e202c7a6c.jpg,train
dataset_1,test,IMG_20250729_084316,/Users/avnisingh/delhivery-pallet-pose/data/raw/dataset_1/train/images/IMG_20250729_084316_jpg.rf.081b74b146aed957851a2e65bc7a579f.jpg,train
dataset_1,train,IMG_20250729_084246,/Users/avnisingh/delhivery-pallet-pose/data/raw/dataset_1/train/images/IMG_20250729_084246_jpg.rf.6709bf943c7559ce263187af753470a5.jpg,train
dataset_1,val,IMG_20250729_084108,/Users/avnisingh/delhivery-pallet-pose/data/raw/dataset_1/train/images/IMG_20250729_084108_jpg.rf.039221399438cc657396a9a4ed17a34c.jpg,train
dataset_1,train,IMG_20250729_084246,/Users/avnisingh/delhivery-pallet-pose/data/raw/dataset_1/train/images/IMG_20250729_084246_jpg.rf.73a9fa46ea5adbd4dd58d785a66d8d55.jpg,train
dataset_1,train,0448,/Users/avnisingh/delhivery-pallet-pose/data/raw/dataset_1/train/images/0448_jpg.rf.b07ae1eb4df2d504d90085fe655fb42e.jpg,train
dataset_1,train,IMG_20250806_103925,/Users/avnisingh/delhivery-pallet-pose/data/raw/dataset_1/train/images/IMG_20250806_103925_jpg.rf.4a1392d0d6d9993e26c07b77b2b4df98.jpg,train
dataset_1,train,blue-red-pallets-goods-industrial-area-many-wood-pallets-one-top-each-other-142690576,/Users/avnisingh/delhivery-pallet-pose/data/raw/dataset_1/train/images/blue-red-pallets-goods-industrial-area-many-wood-pallets-one-top-each-other-142690576_jpg.rf.af3c272e6d82a10d07923113ff5925bc.jpg,train
dataset_1,train,0440,/Users/avnisingh/delhivery-pallet-pose/data/raw/dataset_1/train/images/0440_jpg.rf.e6e9262e1d45fc10ec127a04720fa180.jpg,train
dataset_1,train,0496,/Users/avnisingh/delhivery-pallet-pose/data/raw/dataset_1/train/images/0496_jpg.rf.6e1143a27745e0cc656e866f96a26712.jpg,train
dataset_1,test,IMG_20250729_083921,/Users/avnisingh/delhivery-pallet-pose/data/raw/dataset_1/train/images/IMG_20250729_083921_jpg.rf.f1f9a0a6e10d720d40d2d0a93331f8a8.jpg,train
dataset_1,train,IMG_20250729_084135,/Users/avnisingh/delhivery-pallet-pose/data/raw/dataset_1/train/images/IMG_20250729_084135_jpg.rf.0b0de2479e09a64bf6c86615d7b1ca84.jpg,train
dataset_1,train,plastic-pallets-stacked-can-cause-accidents-factory-38453013,/Users/avnisingh/delhivery-pallet-pose/data/raw/dataset_1/train/images/plastic-pallets-stacked-can-cause-accidents-factory-38453013_jpg.rf.abf1c98028269b1536fed58e9093c02c.jpg,train
dataset_1,train,IMG_20250813_135717,/Users/avnisingh/delhivery-pallet-pose/data/raw/dataset_1/train/images/IMG_20250813_135717_jpg.rf.c3f32ed3eb534cc80af46ef57fb87a53.jpg,train
dataset_1,train,0506,/Users/avnisingh/delhivery-pallet-pose/data/raw/dataset_1/train/images/0506_jpg.rf.9298bb7ed502940aa3663e719751c391.jpg,train
dataset_1,test,IMG_20250729_083748,/Users/avnisingh/delhivery-pallet-pose/data/raw/dataset_1/train/images/IMG_20250729_083748_jpg.rf.a71f4efd1e2759901e18f15dd9677eb9.jpg,train
dataset_1,train,IMG_20250729_083934,/Users/avnisingh/delhivery-pallet-pose/data/raw/dataset_1/train/images/IMG_20250729_083934_jpg.rf.e5b2419edd5a2c02a1d66cd157dd2495.jpg,train
dataset_1,val,0510,/Users/avnisingh/delhivery-pallet-pose/data/raw/dataset_1/train/images/0510_jpg.rf.9f208c0335db5b9285359a336eb17afc.jpg,train
dataset_1,train,IMG_20250813_135455,/Users/avnisingh/delhivery-pallet-pose/data/raw/dataset_1/train/images/IMG_20250813_135455_jpg.rf.f70ff901599e4b46f65232160290fca5.jpg,train
dataset_1,train,IMG_20250729_083912,/Users/avnisingh/delhivery-pallet-pose/data/raw/dataset_1/train/images/IMG_20250729_083912_jpg.rf.e6b82d2d03e0c8e7de09a2766f9eaf70.jpg,train
dataset_1,train,0476,/Users/avnisingh/delhivery-pallet-pose/data/raw/dataset_1/train/images/0476_jpg.rf.7cd4339d477afb70a985b857aeb74978.jpg,train
dataset_1,test,IMG_20250729_083832,/Users/avnisingh/delhivery-pallet-pose/data/raw/dataset_1/train/images/IMG_20250729_083832_jpg.rf.bb888086e2d124673853243e24a9db80.jpg,train
dataset_1,train,IMG_20250813_140340,/Users/avnisingh/delhivery-pallet-pose/data/raw/dataset_1/train/images/IMG_20250813_140340_jpg.rf.e9207f6a3b7007759791b52700f6ef2d.jpg,train
dataset_1,train,IMG_20250729_084508,/Users/avnisingh/delhivery-pallet-pose/data/raw/dataset_1/train/images/IMG_20250729_084508_jpg.rf.13b545b02c037454484a0dbeaf2082cf.jpg,train
dataset_1,train,wooden-pallets-wooden-pallets-stacked-distribution-warehouse-196975582,/Users/avnisingh/delhivery-pallet-pose/data/raw/dataset_1/train/images/wooden-pallets-wooden-pallets-stacked-distribution-warehouse-196975582_jpg.rf.c4103d6bda561711fd21c7a20993bc1f.jpg,train
dataset_1,train,IMG_20250813_135843,/Users/avnisingh/delhivery-pallet-pose/data/raw/dataset_1/train/images/IMG_20250813_135843_jpg.rf.4dc5a1199eb789591c0b33f2a1741730.jpg,train
dataset_1,train,IMG_20250729_084623,/Users/avnisingh/delhivery-pallet-pose/data/raw/dataset_1/train/images/IMG_20250729_084623_jpg.rf.46371fdb88448c2726eedc70e16c365f.jpg,train
dataset_1,train,0472,/Users/avnisingh/delhivery-pallet-pose/data/raw/dataset_1/train/images/0472_jpg.rf.abd5114b8bc9404611a9491f3bc321ae.jpg,train
dataset_1,train,wooden-pallets-9095013,/Users/avnisingh/delhivery-pallet-pose/data/raw/dataset_1/train/images/wooden-pallets-9095013_jpg.rf.3b83eca60fce7c7f695681dab33c6523.jpg,train
dataset_1,test,images52_jpeg,/Users/avnisingh/delhivery-pallet-pose/data/raw/dataset_1/train/images/images52_jpeg_jpg.rf.90e14314e7b014e94839637eb86fc5c3.jpg,train
dataset_1,train,MHP9X3,/Users/avnisingh/delhivery-pallet-pose/data/raw/dataset_1/train/images/MHP9X3_jpg.rf.a527b84f5fa9070c6ca13e04f345eae5.jpg,train
dataset_1,train,IMG_20250806_104115,/Users/avnisingh/delhivery-pallet-pose/data/raw/dataset_1/train/images/IMG_20250806_104115_jpg.rf.7431dc1d977c9e40c00fa0fc1c68001f.jpg,train
dataset_1,test,wooden-pallets-stacks-cargo-shipping-60794370,/Users/avnisingh/delhivery-pallet-pose/data/raw/dataset_1/train/images/wooden-pallets-stacks-cargo-shipping-60794370_jpg.rf.8e47a7e905795731d958c2a22fd691a7.jpg,train
dataset_1,train,pallets-wood-stack-warehouse-work-148457138,/Users/avnisingh/delhivery-pallet-pose/data/raw/dataset_1/train/images/pallets-wood-stack-warehouse-work-148457138_jpg.rf.31d86b0963a816c79573b6b8d1670f78.jpg,train
dataset_1,train,0514,/Users/avnisingh/delhivery-pallet-pose/data/raw/dataset_1/train/images/0514_jpg.rf.ffecf4a3ea9c8b962052008c1aa140da.jpg,train
dataset_1,val,cargo-pallets-landscape-format-469979,/Users/avnisingh/delhivery-pallet-pose/data/raw/dataset_1/train/images/cargo-pallets-landscape-format-469979_jpg.rf.2bdfe25fe39f75a963d94281ef8ad6c6.jpg,train
dataset_1,train,IMG_20250813_135455,/Users/avnisingh/delhivery-pallet-pose/data/raw/dataset_1/train/images/IMG_20250813_135455_jpg.rf.bcd9d58bfb6afb89b9a96d046d743877.jpg,train
dataset_1,train,images50_jpeg,/Users/avnisingh/delhivery-pallet-pose/data/raw/dataset_1/train/images/images50_jpeg_jpg.rf.387d56eabdeacfa73bf17d4fcce00674.jpg,train
dataset_1,train,IMG_20250813_135951,/Users/avnisingh/delhivery-pallet-pose/data/raw/dataset_1/train/images/IMG_20250813_135951_jpg.rf.e44bcd560e9e80185b34e04330f7e068.jpg,train
dataset_1,val,IMG_20250813_135638,/Users/avnisingh/delhivery-pallet-pose/data/raw/dataset_1/train/images/IMG_20250813_135638_jpg.rf.b0fab5ad0b018817559598675238f45e.jpg,train
dataset_1,train,many-old-used-wooden-pallets-stack-outdoors-store-logistic-enterprise-many-old-used-wooden-pallets-stack-outdoors-212417251,/Users/avnisingh/delhivery-pallet-pose/data/raw/dataset_1/train/images/many-old-used-wooden-pallets-stack-outdoors-store-logistic-enterprise-many-old-used-wooden-pallets-stack-outdoors-212417251_jpg.rf.bc0de6e1f98ec730560ee08e1375af6b.jpg,train
dataset_1,val,IMG_20250813_140310,/Users/avnisingh/delhivery-pallet-pose/data/raw/dataset_1/train/images/IMG_20250813_140310_jpg.rf.9b9784f6fd42d97730cc15e9e5d4d434.jpg,train
dataset_1,train,IMG_20250813_135214,/Users/avnisingh/delhivery-pallet-pose/data/raw/dataset_1/train/images/IMG_20250813_135214_jpg.rf.45af8697a2feee6d7b058cb33c01f1c0.jpg,train
dataset_1,train,IMG_20250813_140111,/Users/avnisingh/delhivery-pallet-pose/data/raw/dataset_1/train/images/IMG_20250813_140111_jpg.rf.36e59d8bf5e9b448ffb600ce1ef71c33.jpg,train
dataset_1,train,IMG_20250729_083540,/Users/avnisingh/delhivery-pallet-pose/data/raw/dataset_1/train/images/IMG_20250729_083540_jpg.rf.46afbfd09618deaf5a3609cd3b689177.jpg,train
dataset_1,train,wooden-pallets-stack-warehouse-cargo-storage-shipment-logistics-transportation-industrial-wood-heap-delivery-service-196510092,/Users/avnisingh/delhivery-pallet-pose/data/raw/dataset_1/train/images/wooden-pallets-stack-warehouse-cargo-storage-shipment-logistics-transportation-industrial-wood-heap-delivery-service-196510092_jpg.rf.bf8e1df576a55814602076e46d043748.jpg,train
dataset_1,train,IMG_20250806_104509,/Users/avnisingh/delhivery-pallet-pose/data/raw/dataset_1/train/images/IMG_20250806_104509_jpg.rf.4f3e50919eff7fd7300b250c3a323efe.jpg,train
dataset_1,val,stacked-colorful-rough-wooden-pallets-background-cargo-warehouse-135411308-1-,/Users/avnisingh/delhivery-pallet-pose/data/raw/dataset_1/train/images/stacked-colorful-rough-wooden-pallets-background-cargo-warehouse-135411308-1-_jpg.rf.7886029277ae5409ddce2361a5753556.jpg,train
dataset_1,train,IMG_20250806_104515,/Users/avnisingh/delhivery-pallet-pose/data/raw/dataset_1/train/images/IMG_20250806_104515_jpg.rf.3ee8e0d015b6c818c38f77ad9f93d78e.jpg,train
dataset_1,train,IMG_20250729_084246,/Users/avnisingh/delhivery-pallet-pose/data/raw/dataset_1/train/images/IMG_20250729_084246_jpg.rf.b3c416d88fe5e19af2d3fcee3691db6b.jpg,train
dataset_1,train,IMG_20250729_084550,/Users/avnisingh/delhivery-pallet-pose/data/raw/dataset_1/train/images/IMG_20250729_084550_jpg.rf.98f89adad57c722fc2a4b1320e51848f.jpg,train
dataset_1,train,IMG_20250813_135600,/Users/avnisingh/delhivery-pallet-pose/data/raw/dataset_1/train/images/IMG_20250813_135600_jpg.rf.e03de8c24dd703802fe7cfdfffe95238.jpg,train
dataset_1,train,IMG_20250729_085055,/Users/avnisingh/delhivery-pallet-pose/data/raw/dataset_1/train/images/IMG_20250729_085055_jpg.rf.abb371af7105d26bc354d1c7d70224b3.jpg,train
dataset_1,val,IMG_20250806_104418,/Users/avnisingh/delhivery-pallet-pose/data/raw/dataset_1/train/images/IMG_20250806_104418_jpg.rf.03c8680d2971ca00931de9228e3923bf.jpg,train
dataset_1,train,IMG_20250806_104544,/Users/avnisingh/delhivery-pallet-pose/data/raw/dataset_1/train/images/IMG_20250806_104544_jpg.rf.2cd0b16711abf713a88bfbe0ac07e39a.jpg,train
dataset_1,train,IMG_20250806_104502,/Users/avnisingh/delhivery-pallet-pose/data/raw/dataset_1/train/images/IMG_20250806_104502_jpg.rf.cf82a76a5c67cbfd6204bb2a21bb9644.jpg,train
dataset_1,train,IMG_20250729_084327,/Users/avnisingh/delhivery-pallet-pose/data/raw/dataset_1/train/images/IMG_20250729_084327_jpg.rf.24a73a2b1f8547c1dfe07a583b116d37.jpg,train
dataset_1,train,wooden-pallets-26691545,/Users/avnisingh/delhivery-pallet-pose/data/raw/dataset_1/train/images/wooden-pallets-26691545_jpg.rf.d2a4c14b4a472897a4720c2ee0a11546.jpg,train
dataset_1,train,pallets-stacked-wooden-outdoor-storage-85964547,/Users/avnisingh/delhivery-pallet-pose/data/raw/dataset_1/train/images/pallets-stacked-wooden-outdoor-storage-85964547_jpg.rf.73552284cbc7153d85cfee74d061d5d9.jpg,train
dataset_1,val,IMG_20250806_104456,/Users/avnisingh/delhivery-pallet-pose/data/raw/dataset_1/train/images/IMG_20250806_104456_jpg.rf.023d2a2c6869ceb08f36cd8109292506.jpg,train
dataset_1,test,IMG_20250729_084112,/Users/avnisingh/delhivery-pallet-pose/data/raw/dataset_1/train/images/IMG_20250729_084112_jpg.rf.8933a680d4911c4bc423c9dab8f64c63.jpg,train
dataset_1,test,0438,/Users/avnisingh/delhivery-pallet-pose/data/raw/dataset_1/train/images/0438_jpg.rf.e9e9f59a9bfb7dab9e6b504a14a7c359.jpg,train
dataset_1,train,IMG_20250729_084631,/Users/avnisingh/delhivery-pallet-pose/data/raw/dataset_1/train/images/IMG_20250729_084631_jpg.rf.a54923431421a3f7860dd88144f57cc6.jpg,train
dataset_1,train,IMG_20250729_084623,/Users/avnisingh/delhivery-pallet-pose/data/raw/dataset_1/train/images/IMG_20250729_084623_jpg.rf.2e845f24581fc48100e3967a7f72906b.jpg,train
dataset_1,test,images8_jpeg,/Users/avnisingh/delhivery-pallet-pose/data/raw/dataset_1/train/images/images8_jpeg_jpg.rf.facfa3d06f2b1434aae69b0af74151cc.jpg,train
dataset_1,train,IMG_20250729_083840,/Users/avnisingh/delhivery-pallet-pose/data/raw/dataset_1/train/images/IMG_20250729_083840_jpg.rf.342e969e8972fee3b58f8e539ee87ac1.jpg,train
dataset_1,val,IMG_20250813_140356,/Users/avnisingh/delhivery-pallet-pose/data/raw/dataset_1/train/images/IMG_20250813_140356_jpg.rf.0c94d2c0311c202244ef3c4761aad3c3.jpg,train
dataset_1,test,IMG_20250729_084153,/Users/avnisingh/delhivery-pallet-pose/data/raw/dataset_1/train/images/IMG_20250729_084153_jpg.rf.c14c5b7ae9f2ff6e2eaf872f72031a60.jpg,train
dataset_1,train,IMG_20250806_104149,/Users/avnisingh/delhivery-pallet-pose/data/raw/dataset_1/train/images/IMG_20250806_104149_jpg.rf.2ccdc1a5c7bd0aef6b730a5745c3728b.jpg,train
dataset_1,train,stack-wooden-pallet-isolated-on-white-background-3d-rendering-free-photo,/Users/avnisingh/delhivery-pallet-pose/data/raw/dataset_1/train/images/stack-wooden-pallet-isolated-on-white-background-3d-rendering-free-photo_jpg.rf.1e25043d905d3dd73419caf08bfe5d80.jpg,train
dataset_1,train,IMG_20250729_084635,/Users/avnisingh/delhivery-pallet-pose/data/raw/dataset_1/train/images/IMG_20250729_084635_jpg.rf.0dfc64fe4ed4a2798138c38cfdf04e57.jpg,train
dataset_1,train,IMG_20250813_140001,/Users/avnisingh/delhivery-pallet-pose/data/raw/dataset_1/train/images/IMG_20250813_140001_jpg.rf.85a121d3238909694726a7985b523d18.jpg,train
dataset_1,val,IMG_20250729_083824,/Users/avnisingh/delhivery-pallet-pose/data/raw/dataset_1/train/images/IMG_20250729_083824_jpg.rf.31d261fd5f2595b8a2278cd90d34e3d0.jpg,train
dataset_1,train,pallets-wooden-near-warehouse-exactly-stacked-48801669,/Users/avnisingh/delhivery-pallet-pose/data/raw/dataset_1/train/images/pallets-wooden-near-warehouse-exactly-stacked-48801669_jpg.rf.5d1d36a62ee86eabaa0fd9f92a0caa5d.jpg,train
dataset_1,train,IMG_20250813_140427,/Users/avnisingh/delhivery-pallet-pose/data/raw/dataset_1/train/images/IMG_20250813_140427_jpg.rf.9b09118c9da699b1aba89826406e2a87.jpg,train
dataset_1,train,IMG_20250813_135939,/Users/avnisingh/delhivery-pallet-pose/data/raw/dataset_1/train/images/IMG_20250813_135939_jpg.rf.aecb8b9fa5022ba66a2ecb67564260ec.jpg,train
dataset_1,train,IMG_20250806_103925,/Users/avnisingh/delhivery-pallet-pose/data/raw/dataset_1/train/images/IMG_20250806_103925_jpg.rf.746e81f43386c60bf4f3441f32e5aa5e.jpg,train
dataset_1,train,IMG_20250813_140301,/Users/avnisingh/delhivery-pallet-pose/data/raw/dataset_1/train/images/IMG_20250813_140301_jpg.rf.db31c0681c6f1cabbf9667d3ff7bb492.jpg,train
dataset_1,train,IMG_20250729_083648,/Users/avnisingh/delhivery-pallet-pose/data/raw/dataset_1/train/images/IMG_20250729_083648_jpg.rf.a1131b2c5a9b240ca9b2ce79001ed2fc.jpg,train
dataset_1,test,2F6NX99,/Users/avnisingh/delhivery-pallet-pose/data/raw/dataset_1/train/images/2F6NX99_jpg.rf.e9471abc671a355ea3bc6981a9cbca55.jpg,train
dataset_1,train,S0Y1NN,/Users/avnisingh/delhivery-pallet-pose/data/raw/dataset_1/train/images/S0Y1NN_jpg.rf.f610268de6f90d1da9dd867b8ee7b1d1.jpg,train
dataset_1,train,IMG_20250729_084225,/Users/avnisingh/delhivery-pallet-pose/data/raw/dataset_1/train/images/IMG_20250729_084225_jpg.rf.69b2079c943e7b2f50c868e4aee207bf.jpg,train
dataset_1,train,0478,/Users/avnisingh/delhivery-pallet-pose/data/raw/dataset_1/train/images/0478_jpg.rf.9d75e9b35d72e120b5da771ee3367abe.jpg,train
dataset_1,train,images13_jpeg,/Users/avnisingh/delhivery-pallet-pose/data/raw/dataset_1/train/images/images13_jpeg_jpg.rf.b1bc79b7356e7d2e810ca4637dd250dc.jpg,train
dataset_1,train,IMG_20250813_140517,/Users/avnisingh/delhivery-pallet-pose/data/raw/dataset_1/train/images/IMG_20250813_140517_jpg.rf.7ba94b0c3a593395ba76d7bd8c86b28e.jpg,train
dataset_1,val,pallets-yellow-color-wall-background-cargo-industrial-texture-50492399,/Users/avnisingh/delhivery-pallet-pose/data/raw/dataset_1/train/images/pallets-yellow-color-wall-background-cargo-industrial-texture-50492399_jpg.rf.5f0c6328946e11faa26a9df296bb1ee6.jpg,train
dataset_1,train,0550,/Users/avnisingh/delhivery-pallet-pose/data/raw/dataset_1/train/images/0550_jpg.rf.367ad25eedaeea2581317798d0de8d8a.jpg,train
dataset_1,train,IMG_20250729_084147,/Users/avnisingh/delhivery-pallet-pose/data/raw/dataset_1/train/images/IMG_20250729_084147_jpg.rf.4ed4e58fe2b8b09399d1cf4e102ba5f1.jpg,train
dataset_1,val,IMG_20250806_103910,/Users/avnisingh/delhivery-pallet-pose/data/raw/dataset_1/train/images/IMG_20250806_103910_jpg.rf.c86a699e332a9b791bd83c678d2e6b6d.jpg,train
dataset_1,test,pngtree-euro-pallets-front-view-shadow-freight-dimensions-photo-image_23466774,/Users/avnisingh/delhivery-pallet-pose/data/raw/dataset_1/train/images/pngtree-euro-pallets-front-view-shadow-freight-dimensions-photo-image_23466774_jpg.rf.dda43915677a3378108e22a4216827e2.jpg,train
dataset_1,train,IMG_20250729_083658,/Users/avnisingh/delhivery-pallet-pose/data/raw/dataset_1/train/images/IMG_20250729_083658_jpg.rf.d2fc4d07bfaf7634dc60a5ea3f35f20f.jpg,train
dataset_1,train,IMG_20250729_083937,/Users/avnisingh/delhivery-pallet-pose/data/raw/dataset_1/train/images/IMG_20250729_083937_jpg.rf.044693a01dbc8b9b64c3ddcdaa561a74.jpg,train
dataset_1,test,IMG_20250729_083805,/Users/avnisingh/delhivery-pallet-pose/data/raw/dataset_1/train/images/IMG_20250729_083805_jpg.rf.2f609892cf943626c76af665d6f854f4.jpg,train
dataset_1,train,IMG_20250729_084021,/Users/avnisingh/delhivery-pallet-pose/data/raw/dataset_1/train/images/IMG_20250729_084021_jpg.rf.243981fcaaf625fc847ad0618a1d3e3e.jpg,train
dataset_1,train,IMG_20250806_104509,/Users/avnisingh/delhivery-pallet-pose/data/raw/dataset_1/train/images/IMG_20250806_104509_jpg.rf.2251831f16f26acb8495c00d3320cc7b.jpg,train
dataset_1,val,IMG_20250729_083507,/Users/avnisingh/delhivery-pallet-pose/data/raw/dataset_1/train/images/IMG_20250729_083507_jpg.rf.650b1e59a9384249126ad10450274a6a.jpg,train
dataset_1,train,images71_jpeg,/Users/avnisingh/delhivery-pallet-pose/data/raw/dataset_1/train/images/images71_jpeg_jpg.rf.d19b95b47c397eb459d84808a701af9a.jpg,train
dataset_1,train,stacked-colorful-rough-wooden-pallets-background-cargo-warehouse-135411310-1-,/Users/avnisingh/delhivery-pallet-pose/data/raw/dataset_1/train/images/stacked-colorful-rough-wooden-pallets-background-cargo-warehouse-135411310-1-_jpg.rf.5cd95556295b68c877e39daa1a3314a8.jpg,train
dataset_1,val,IMG_20250806_104456,/Users/avnisingh/delhivery-pallet-pose/data/raw/dataset_1/train/images/IMG_20250806_104456_jpg.rf.837e88260332194f7ce961afc91c8083.jpg,train
dataset_1,train,IMG_20250729_084205,/Users/avnisingh/delhivery-pallet-pose/data/raw/dataset_1/train/images/IMG_20250729_084205_jpg.rf.d17890514c108aeea92ec3b6ccacf520.jpg,train
dataset_1,train,pallet-wood-old-blue-boards-boats-store-transportation-W49M56,/Users/avnisingh/delhivery-pallet-pose/data/raw/dataset_1/train/images/pallet-wood-old-blue-boards-boats-store-transportation-W49M56_jpg.rf.0c39c1e6a48764855f8df3db1c2489ce.jpg,train
dataset_1,train,IMG_20250806_104551,/Users/avnisingh/delhivery-pallet-pose/data/raw/dataset_1/train/images/IMG_20250806_104551_jpg.rf.0dbafc4aa540e2ae4cd7397c476eeb1f.jpg,train
dataset_1,train,IMG_20250729_083813,/Users/avnisingh/delhivery-pallet-pose/data/raw/dataset_1/train/images/IMG_20250729_083813_jpg.rf.04dd000f1d2a243793035aec83a580d0.jpg,train
dataset_1,train,IMG_20250813_140313,/Users/avnisingh/delhivery-pallet-pose/data/raw/dataset_1/train/images/IMG_20250813_140313_jpg.rf.4d62cf57d43167f2f6e77194ac763935.jpg,train
dataset_1,test,PD5WFA,/Users/avnisingh/delhivery-pallet-pose/data/raw/dataset_1/train/images/PD5WFA_jpg.rf.f93685528c7a8054537946554c6bcc68.jpg,train
dataset_1,train,IMG_20250729_083546,/Users/avnisingh/delhivery-pallet-pose/data/raw/dataset_1/train/images/IMG_20250729_083546_jpg.rf.5a1ce54a0a3241a9e4c53f992fdfd227.jpg,train
dataset_1,test,wooden-pallets-blue-red-colors-stacked-each-other-store-front-136460549,/Users/avnisingh/delhivery-pallet-pose/data/raw/dataset_1/train/images/wooden-pallets-blue-red-colors-stacked-each-other-store-front-136460549_jpg.rf.f63dcccbafe068eedd4d7cbf196e5c6f.jpg,train
dataset_1,train,0446,/Users/avnisingh/delhivery-pallet-pose/data/raw/dataset_1/train/images/0446_jpg.rf.bdb2f48508044de9ff153c47d78cdf86.jpg,train
dataset_1,train,IMG_20250729_085102,/Users/avnisingh/delhivery-pallet-pose/data/raw/dataset_1/train/images/IMG_20250729_085102_jpg.rf.40f21dbc756573c95506004be233a21a.jpg,train
dataset_1,train,IMG_20250729_083835,/Users/avnisingh/delhivery-pallet-pose/data/raw/dataset_1/train/images/IMG_20250729_083835_jpg.rf.6c51a3f2bf5ca868b91c088957ce6b35.jpg,train
dataset_1,train,IMG_20250806_104502,/Users/avnisingh/delhivery-pallet-pose/data/raw/dataset_1/train/images/IMG_20250806_104502_jpg.rf.2732ec509380e8ecc17c8776593c8fb7.jpg,train
dataset_1,train,IMG_20250729_084524,/Users/avnisingh/delhivery-pallet-pose/data/raw/dataset_1/train/images/IMG_20250729_084524_jpg.rf.22872ad2e456b1a3432bf5a0fa2ec66c.jpg,train
dataset_1,val,IMG_20250729_083620,/Users/avnisingh/delhivery-pallet-pose/data/raw/dataset_1/train/images/IMG_20250729_083620_jpg.rf.c1215d579a266a03a5a60b63c4ec2637.jpg,train
dataset_1,train,IMG_20250813_140517,/Users/avnisingh/delhivery-pallet-pose/data/raw/dataset_1/train/images/IMG_20250813_140517_jpg.rf.1245aa35a51849cd35882ea17f4a8e08.jpg,train
dataset_1,train,images7_jpeg,/Users/avnisingh/delhivery-pallet-pose/data/raw/dataset_1/train/images/images7_jpeg_jpg.rf.f7a352af56cf4e801f97317896d0c604.jpg,train
dataset_1,train,IMG_20250806_103934,/Users/avnisingh/delhivery-pallet-pose/data/raw/dataset_1/train/images/IMG_20250806_103934_jpg.rf.62c2361c362a3c5d9cd8dd720defb06f.jpg,train
dataset_1,train,IMG_20250729_083934,/Users/avnisingh/delhivery-pallet-pose/data/raw/dataset_1/train/images/IMG_20250729_083934_jpg.rf.aca0d644b0e3ca091ac8a1bd0ef78b8c.jpg,train
dataset_1,val,wooden-pallets-4422065-1-,/Users/avnisingh/delhivery-pallet-pose/data/raw/dataset_1/train/images/wooden-pallets-4422065-1-_jpg.rf.64a328b1c0435094f713372b764216c3.jpg,train
dataset_1,train,IMG_20250813_135357,/Users/avnisingh/delhivery-pallet-pose/data/raw/dataset_1/train/images/IMG_20250813_135357_jpg.rf.40c43f792f00ab976e1abdd2bca3fdae.jpg,train
dataset_1,train,IMG_20250806_103904,/Users/avnisingh/delhivery-pallet-pose/data/raw/dataset_1/train/images/IMG_20250806_103904_jpg.rf.771d154ee3a5b1bf01bc89f96d0fe659.jpg,train
dataset_1,train,IMG_20250729_084542,/Users/avnisingh/delhivery-pallet-pose/data/raw/dataset_1/train/images/IMG_20250729_084542_jpg.rf.6139156fb5a42b71dd5abf010d2fe8b7.jpg,train
dataset_1,train,IMG_20250729_083551,/Users/avnisingh/delhivery-pallet-pose/data/raw/dataset_1/train/images/IMG_20250729_083551_jpg.rf.f5571319db00c0e31032f1247fb9238b.jpg,train
dataset_1,train,WDWEE5,/Users/avnisingh/delhivery-pallet-pose/data/raw/dataset_1/train/images/WDWEE5_jpg.rf.da22b5d85ce92c9d5df2b8bd87e4a383.jpg,train
dataset_1,train,0520,/Users/avnisingh/delhivery-pallet-pose/data/raw/dataset_1/train/images/0520_jpg.rf.3dd5cb38282ffb6f46376c2442277b11.jpg,train
dataset_1,train,many-old-used-wooden-pallets-stack-outdoors-store-logistic-enterprise-many-old-used-wooden-pallets-stack-outdoors-212417251,/Users/avnisingh/delhivery-pallet-pose/data/raw/dataset_1/train/images/many-old-used-wooden-pallets-stack-outdoors-store-logistic-enterprise-many-old-used-wooden-pallets-stack-outdoors-212417251_jpg.rf.3158ba0d6ec3f13ca9b47a382bd7f915.jpg,train
dataset_1,train,MHHR0E,/Users/avnisingh/delhivery-pallet-pose/data/raw/dataset_1/train/images/MHHR0E_jpg.rf.c0217a33729bd0111e818dbc4d33f93a.jpg,train
dataset_1,train,IMG_20250729_083631,/Users/avnisingh/delhivery-pallet-pose/data/raw/dataset_1/train/images/IMG_20250729_083631_jpg.rf.7306143573b8ba73b386452b9ea9e381.jpg,train
dataset_1,test,IMG_20250729_133047,/Users/avnisingh/delhivery-pallet-pose/data/raw/dataset_1/train/images/IMG_20250729_133047_jpg.rf.94908dd030944336e0326f4a2364a5c4.jpg,train
dataset_1,train,0472,/Users/avnisingh/delhivery-pallet-pose/data/raw/dataset_1/train/images/0472_jpg.rf.39ae7f2584a8f79cd770b963bd6e5133.jpg,train
dataset_1,train,pallets-side-stacked,/Users/avnisingh/delhivery-pallet-pose/data/raw/dataset_1/train/images/pallets-side-stacked_jpg.rf.98b31a3f062f93f46540eb9b28d4aa05.jpg,train
dataset_1,train,0544,/Users/avnisingh/delhivery-pallet-pose/data/raw/dataset_1/train/images/0544_jpg.rf.b3bf1cf2b183821d4bd05d1aa70d49f9.jpg,train
dataset_1,train,0496,/Users/avnisingh/delhivery-pallet-pose/data/raw/dataset_1/train/images/0496_jpg.rf.eb0022225b21ef7a1d0d1301e816fa3e.jpg,train
dataset_1,train,original,/Users/avnisingh/delhivery-pallet-pose/data/raw/dataset_1/train/images/original_jpg.rf.1f0ff6e5cac8811b1e03d62fe87eab81.jpg,train
dataset_1,train,IMG_20250729_083813,/Users/avnisingh/delhivery-pallet-pose/data/raw/dataset_1/train/images/IMG_20250729_083813_jpg.rf.7fc2cbb5a42edf63205476e762c21fc9.jpg,train
dataset_1,train,stack-pallets-row-several-empty-wooden-grass-35257885,/Users/avnisingh/delhivery-pallet-pose/data/raw/dataset_1/train/images/stack-pallets-row-several-empty-wooden-grass-35257885_jpg.rf.7a4a9ff60192e69c3ee1759b39d21c81.jpg,train
dataset_1,test,IMG_20250729_083759,/Users/avnisingh/delhivery-pallet-pose/data/raw/dataset_1/train/images/IMG_20250729_083759_jpg.rf.ebb66daf039380b68ce8171765afe6e5.jpg,train
dataset_1,test,IMG_20250729_084141,/Users/avnisingh/delhivery-pallet-pose/data/raw/dataset_1/train/images/IMG_20250729_084141_jpg.rf.2c786226f1ba60fdbfbba9cd1928425c.jpg,train
dataset_1,train,0558,/Users/avnisingh/delhivery-pallet-pose/data/raw/dataset_1/train/images/0558_jpg.rf.ba2ff27ac7bab40a0b92e763b4a13aff.jpg,train
dataset_1,train,IMG_20250729_084542,/Users/avnisingh/delhivery-pallet-pose/data/raw/dataset_1/train/images/IMG_20250729_084542_jpg.rf.700fbbcc74ec8383460cbab698467c37.jpg,train
dataset_1,train,IMG_20250729_084225,/Users/avnisingh/delhivery-pallet-pose/data/raw/dataset_1/train/images/IMG_20250729_084225_jpg.rf.452e7fff60db510aba9b5b76ded8ae8d.jpg,train
dataset_1,train,IMG_20250729_133054,/Users/avnisingh/delhivery-pallet-pose/data/raw/dataset_1/train/images/IMG_20250729_133054_jpg.rf.fd08d26f3d44bfa1ae0524272e4fac70.jpg,train
dataset_1,train,0556,/Users/avnisingh/delhivery-pallet-pose/data/raw/dataset_1/train/images/0556_jpg.rf.83980cf40df7621f671d2e63f6968fdb.jpg,train
dataset_1,train,a-pile-of-old-wooden-pallets-stacked-outdoors-painted-in-different-colors-2AYA42G,/Users/avnisingh/delhivery-pallet-pose/data/raw/dataset_1/train/images/a-pile-of-old-wooden-pallets-stacked-outdoors-painted-in-different-colors-2AYA42G_jpg.rf.0422aa2683b4eea36e22fd8a80355a38.jpg,train
dataset_1,val,IMG_20250806_104145,/Users/avnisingh/delhivery-pallet-pose/data/raw/dataset_1/train/images/IMG_20250806_104145_jpg.rf.e88100154057a6b45e7caf534e23d82e.jpg,train
dataset_1,train,IMG_20250729_083626,/Users/avnisingh/delhivery-pallet-pose/data/raw/dataset_1/train/images/IMG_20250729_083626_jpg.rf.527372773791c2e5bb0810d1e4b95d09.jpg,train
dataset_1,train,IMG_20250729_084013,/Users/avnisingh/delhivery-pallet-pose/data/raw/dataset_1/train/images/IMG_20250729_084013_jpg.rf.b412167dff69994309b4a9e3c80306c3.jpg,train
dataset_1,train,IMG_20250729_084631,/Users/avnisingh/delhivery-pallet-pose/data/raw/dataset_1/train/images/IMG_20250729_084631_jpg.rf.abbb499d0b27216e5ad08c2da5c1d12e.jpg,train
dataset_1,train,0456,/Users/avnisingh/delhivery-pallet-pose/data/raw/dataset_1/train/images/0456_jpg.rf.1f2a69a1bc642acb3cf851982666af6e.jpg,train
dataset_1,train,0498,/Users/avnisingh/delhivery-pallet-pose/data/raw/dataset_1/train/images/0498_jpg.rf.d37db516d7ddc2b76ff52a62ee20356b.jpg,train
dataset_1,test,0536,/Users/avnisingh/delhivery-pallet-pose/data/raw/dataset_1/train/images/0536_jpg.rf.fca010084715c9dcd81446e86532ca9b.jpg,train
dataset_1,train,IMG_20250729_083641,/Users/avnisingh/delhivery-pallet-pose/data/raw/dataset_1/train/images/IMG_20250729_083641_jpg.rf.f6c5a26db58cfdb591c31ea590b1f051.jpg,train
dataset_1,train,IMG_20250729_084319,/Users/avnisingh/delhivery-pallet-pose/data/raw/dataset_1/train/images/IMG_20250729_084319_jpg.rf.6c930beed6486bb5d68c84badba742ea.jpg,train
dataset_1,val,wood-pallets-stacked-shipping-high-50542863,/Users/avnisingh/delhivery-pallet-pose/data/raw/dataset_1/train/images/wood-pallets-stacked-shipping-high-50542863_jpg.rf.33999334f1cdf5ccb0bfca4380514c7f.jpg,train
dataset_1,test,IMG_20250806_103755,/Users/avnisingh/delhivery-pallet-pose/data/raw/dataset_1/train/images/IMG_20250806_103755_jpg.rf.5f00b7bd197f6207be4d101c28dce55a.jpg,train
dataset_1,train,IMG_20250806_104544,/Users/avnisingh/delhivery-pallet-pose/data/raw/dataset_1/train/images/IMG_20250806_104544_jpg.rf.92444db6b6e4822e61be91259f7024e0.jpg,train
dataset_1,train,colored-pallets-front-sea-some-69409757,/Users/avnisingh/delhivery-pallet-pose/data/raw/dataset_1/train/images/colored-pallets-front-sea-some-69409757_jpg.rf.7962767c708dd514b67f3f09fe4e1e44.jpg,train
dataset_1,train,IMG_20250729_083835,/Users/avnisingh/delhivery-pallet-pose/data/raw/dataset_1/train/images/IMG_20250729_083835_jpg.rf.dcba7c678cd577412f946589abb55402.jpg,train
dataset_1,train,colored-pallets-front-sea-some-69409757,/Users/avnisingh/delhivery-pallet-pose/data/raw/dataset_1/train/images/colored-pallets-front-sea-some-69409757_jpg.rf.5f0f74ee921bcbb3e8865fe0d799100d.jpg,train
dataset_1,train,IMG_20250813_095854,/Users/avnisingh/delhivery-pallet-pose/data/raw/dataset_1/train/images/IMG_20250813_095854_jpg.rf.5182a80444c2414e496ba5e38199042d.jpg,train
dataset_1,train,IMG_20250729_084533,/Users/avnisingh/delhivery-pallet-pose/data/raw/dataset_1/train/images/IMG_20250729_084533_jpg.rf.c8f4f88783afe1d4d658ceabd8b56f80.jpg,train
dataset_1,train,IMG_20250729_083512,/Users/avnisingh/delhivery-pallet-pose/data/raw/dataset_1/train/images/IMG_20250729_083512_jpg.rf.9cea368eefd2f8caaffe5a3eb5a38f78.jpg,train
dataset_1,test,IMG_20250729_084112,/Users/avnisingh/delhivery-pallet-pose/data/raw/dataset_1/train/images/IMG_20250729_084112_jpg.rf.3f28b4daebd2352c147433903c8257dd.jpg,train
dataset_1,test,IMG_20250729_083759,/Users/avnisingh/delhivery-pallet-pose/data/raw/dataset_1/train/images/IMG_20250729_083759_jpg.rf.e64076e149fa8644db801eb6048a462a.jpg,train
dataset_1,train,IMG_20250806_103904,/Users/avnisingh/delhivery-pallet-pose/data/raw/dataset_1/train/images/IMG_20250806_103904_jpg.rf.9d6c69cd54957f6e56c87839fcfc6357.jpg,train
dataset_1,train,0474,/Users/avnisingh/delhivery-pallet-pose/data/raw/dataset_1/train/images/0474_jpg.rf.758dfe59f3078e33774fff6bb190727e.jpg,train
dataset_1,train,images7_jpeg,/Users/avnisingh/delhivery-pallet-pose/data/raw/dataset_1/train/images/images7_jpeg_jpg.rf.c12cd95a9998b155b11700c696f474b0.jpg,train
dataset_1,train,IMG_20250813_135107,/Users/avnisingh/delhivery-pallet-pose/data/raw/dataset_1/train/images/IMG_20250813_135107_jpg.rf.e57ee5c8d197faa986fb8c4446dff28e.jpg,train
dataset_1,train,IMG_20250729_084021,/Users/avnisingh/delhivery-pallet-pose/data/raw/dataset_1/train/images/IMG_20250729_084021_jpg.rf.da8ff579ff67be4ad0cc7433ae9fad6d.jpg,train
dataset_1,train,0524,/Users/avnisingh/delhivery-pallet-pose/data/raw/dataset_1/train/images/0524_jpg.rf.10368716a730360f1443a2af3a52c5ab.jpg,train
dataset_1,val,IMG_20250729_085036,/Users/avnisingh/delhivery-pallet-pose/data/raw/dataset_1/train/images/IMG_20250729_085036_jpg.rf.ab9bf417cb3bf0667c8481247a8b1a30.jpg,train
dataset_1,train,IMG_20250729_085113,/Users/avnisingh/delhivery-pallet-pose/data/raw/dataset_1/train/images/IMG_20250729_085113_jpg.rf.f1059e4fb16b5b558da49b685ece494d.jpg,train
dataset_1,train,huge-stack-lots-wooden-pallets-transport-shipping-forklift-lifting-cart-pallet-truck-huge-stack-lots-wooden-211306620,/Users/avnisingh/delhivery-pallet-pose/data/raw/dataset_1/train/images/huge-stack-lots-wooden-pallets-transport-shipping-forklift-lifting-cart-pallet-truck-huge-stack-lots-wooden-211306620_jpg.rf.7cae006eb696444a39609792492ae01a.jpg,train
dataset_1,test,IMG_20250729_083748,/Users/avnisingh/delhivery-pallet-pose/data/raw/dataset_1/train/images/IMG_20250729_083748_jpg.rf.60b344af52d2b5aa15f2153d39a6ca33.jpg,train
dataset_1,train,wooden-pallets-stacked-top-each-other-several-rows-warehouse-212717835-1-,/Users/avnisingh/delhivery-pallet-pose/data/raw/dataset_1/train/images/wooden-pallets-stacked-top-each-other-several-rows-warehouse-212717835-1-_jpg.rf.bb99d5e6d8fd198437e381a7508f5915.jpg,train
dataset_1,val,IMG_20250813_135514,/Users/avnisingh/delhivery-pallet-pose/data/raw/dataset_1/train/images/IMG_20250813_135514_jpg.rf.45d023b78d684c901fc1f59fd2e9b349.jpg,train
dataset_1,val,warehouse-many-pallets-ready-use-front-view-wooden-pallets-stacked-rows-pallets-located-middle-172394588-1-,/Users/avnisingh/delhivery-pallet-pose/data/raw/dataset_1/train/images/warehouse-many-pallets-ready-use-front-view-wooden-pallets-stacked-rows-pallets-located-middle-172394588-1-_jpg.rf.17922909490123f32d1a7fded02a438b.jpg,train
dataset_1,train,IMG_20250729_084550,/Users/avnisingh/delhivery-pallet-pose/data/raw/dataset_1/train/images/IMG_20250729_084550_jpg.rf.4934b06df9bdb939fccf528a170d0c14.jpg,train
dataset_1,train,images57_jpeg,/Users/avnisingh/delhivery-pallet-pose/data/raw/dataset_1/train/images/images57_jpeg_jpg.rf.02010d5f14fe14a4ac2d4a8742d1b6a1.jpg,train
dataset_1,train,0502,/Users/avnisingh/delhivery-pallet-pose/data/raw/dataset_1/train/images/0502_jpg.rf.b3d5cc13d22156e253d957b42ca0f443.jpg,train
dataset_1,train,IMG_20250813_140001,/Users/avnisingh/delhivery-pallet-pose/data/raw/dataset_1/train/images/IMG_20250813_140001_jpg.rf.8690aa7c86a7f80883de027de1413a84.jpg,train
dataset_1,val,IMG_20250729_084117,/Users/avnisingh/delhivery-pallet-pose/data/raw/dataset_1/train/images/IMG_20250729_084117_jpg.rf.6c5ec6005d200a4bf6c9c16f9eb7ac1a.jpg,train
dataset_1,train,stack-wooden-pallets-industrial-warehousing-195336497,/Users/avnisingh/delhivery-pallet-pose/data/raw/dataset_1/train/images/stack-wooden-pallets-industrial-warehousing-195336497_jpg.rf.44fbfa84a0aa25d3d4b24239b53a25b4.jpg,train
dataset_1,train,IMG_20250729_085055,/Users/avnisingh/delhivery-pallet-pose/data/raw/dataset_1/train/images/IMG_20250729_085055_jpg.rf.b9370d23759fa6ce478f68dff25a6ef2.jpg,train
dataset_1,train,0440,/Users/avnisingh/delhivery-pallet-pose/data/raw/dataset_1/train/images/0440_jpg.rf.ba91df2414aacedd38ee0ac3d67cb179.jpg,train
dataset_1,train,stack-wooden-timber-pallets-truck-transportation-environmental-recycling-uk-123575288,/Users/avnisingh/delhivery-pallet-pose/data/raw/dataset_1/train/images/stack-wooden-timber-pallets-truck-transportation-environmental-recycling-uk-123575288_jpg.rf.6fa91e54c84d46e37f4c13ddfe5514a9.jpg,train
dataset_1,train,photo-1573209680076-bd7ec7007616_jpeg,/Users/avnisingh/delhivery-pallet-pose/data/raw/dataset_1/train/images/photo-1573209680076-bd7ec7007616_jpeg_jpg.rf.23d1bea36e1db99be52ec82ce7d3388e.jpg,train
dataset_1,val,wood-pallets-stacked-shipping-high-50542863,/Users/avnisingh/delhivery-pallet-pose/data/raw/dataset_1/train/images/wood-pallets-stacked-shipping-high-50542863_jpg.rf.95394d7008176518d5bbf19177cf5ca0.jpg,train
dataset_1,train,IMG_20250813_140418,/Users/avnisingh/delhivery-pallet-pose/data/raw/dataset_1/train/images/IMG_20250813_140418_jpg.rf.c1c69c771393a4f6d292a166714237e5.jpg,train
dataset_1,train,IMG_20250729_084335,/Users/avnisingh/delhivery-pallet-pose/data/raw/dataset_1/train/images/IMG_20250729_084335_jpg.rf.99e0ea32739337cf01b4817c19276f66.jpg,train
dataset_1,train,IMG_20250729_083937,/Users/avnisingh/delhivery-pallet-pose/data/raw/dataset_1/train/images/IMG_20250729_083937_jpg.rf.72efbb95904488a1fe5189ab3dada8ef.jpg,train
dataset_1,train,0528,/Users/avnisingh/delhivery-pallet-pose/data/raw/dataset_1/train/images/0528_jpg.rf.3c4d5522c7c17e69d0a5767d85206afe.jpg,train
dataset_1,test,durable-euro-pallets-406,/Users/avnisingh/delhivery-pallet-pose/data/raw/dataset_1/train/images/durable-euro-pallets-406_jpg.rf.31273fc265c9a7acd849b76e6d841cc0.jpg,train
dataset_1,train,IMG_20250729_083802,/Users/avnisingh/delhivery-pallet-pose/data/raw/dataset_1/train/images/IMG_20250729_083802_jpg.rf.2db7e9a4ddd55e9415b27d3ca696eaee.jpg,train
dataset_1,val,IMG_20250729_083824,/Users/avnisingh/delhivery-pallet-pose/data/raw/dataset_1/train/images/IMG_20250729_083824_jpg.rf.493554180743d20387825864ec223526.jpg,train
dataset_1,test,IMG_20250729_083748,/Users/avnisingh/delhivery-pallet-pose/data/raw/dataset_1/train/images/IMG_20250729_083748_jpg.rf.3daa5d8af3e348f9e4b180112e7b4ea7.jpg,train
dataset_1,val,IMG_20250813_135117,/Users/avnisingh/delhivery-pallet-pose/data/raw/dataset_1/train/images/IMG_20250813_135117_jpg.rf.003347a975b69188e50ceb2a6a78839b.jpg,train
dataset_1,train,IMG_20250729_084319,/Users/avnisingh/delhivery-pallet-pose/data/raw/dataset_1/train/images/IMG_20250729_084319_jpg.rf.f022ec450a519efdc9db1eff5c116218.jpg,train
dataset_1,train,IMG_20250813_135107,/Users/avnisingh/delhivery-pallet-pose/data/raw/dataset_1/train/images/IMG_20250813_135107_jpg.rf.13f0c6d6a414910a804c65a281c4384f.jpg,train
dataset_1,train,IMG_20250813_140401,/Users/avnisingh/delhivery-pallet-pose/data/raw/dataset_1/train/images/IMG_20250813_140401_jpg.rf.d4fe055688140b4e41f6ab0190a48770.jpg,train
dataset_1,test,stacked-wooden-pallets-stack-transportation-standard-size-128797792,/Users/avnisingh/delhivery-pallet-pose/data/raw/dataset_1/train/images/stacked-wooden-pallets-stack-transportation-standard-size-128797792_jpg.rf.7b2bebd71aa93b1db5cdd89adbc3bd5b.jpg,train
dataset_1,train,0512,/Users/avnisingh/delhivery-pallet-pose/data/raw/dataset_1/train/images/0512_jpg.rf.83cb4be4684c1082775986c51dde01c8.jpg,train
dataset_1,test,IMG_20250729_083759,/Users/avnisingh/delhivery-pallet-pose/data/raw/dataset_1/train/images/IMG_20250729_083759_jpg.rf.216d5b52a9dda47b03df0991c6148514.jpg,train
dataset_1,train,IMG_20250813_135357,/Users/avnisingh/delhivery-pallet-pose/data/raw/dataset_1/train/images/IMG_20250813_135357_jpg.rf.132161f3dc54b044eb91e2d6ff8d54df.jpg,train
dataset_1,train,stack-wooden-pallets-barrow-16271817,/Users/avnisingh/delhivery-pallet-pose/data/raw/dataset_1/train/images/stack-wooden-pallets-barrow-16271817_jpg.rf.13ea565192b8756912fd13207f38ff61.jpg,train
dataset_1,train,IMG_20250813_095913,/Users/avnisingh/delhivery-pallet-pose/data/raw/dataset_1/train/images/IMG_20250813_095913_jpg.rf.67a821b7f3202e5ff2f56f9d4455e7fb.jpg,train
dataset_1,test,CXCF2J,/Users/avnisingh/delhivery-pallet-pose/data/raw/dataset_1/train/images/CXCF2J_jpg.rf.141c344a6bdc92f3c0dfe215b3397c15.jpg,train
dataset_1,train,wooden-euro-pallets-stacked-big-industrial-storehouse-wooden-euro-pallets-stacked-big-industrial-storehouse-173332482,/Users/avnisingh/delhivery-pallet-pose/data/raw/dataset_1/train/images/wooden-euro-pallets-stacked-big-industrial-storehouse-wooden-euro-pallets-stacked-big-industrial-storehouse-173332482_jpg.rf.29add7ad477e4fb9f4920ae984712702.jpg,train
dataset_1,val,IMG_20250813_135638,/Users/avnisingh/delhivery-pallet-pose/data/raw/dataset_1/train/images/IMG_20250813_135638_jpg.rf.3c01599d4c66852dea7032dacd239e21.jpg,train
dataset_1,train,IMG_20250804_141450,/Users/avnisingh/delhivery-pallet-pose/data/raw/dataset_1/train/images/IMG_20250804_141450_jpg.rf.05861255d22ee29232d3201cb52f77d7.jpg,train
dataset_1,train,IMG_20250729_084312,/Users/avnisingh/delhivery-pallet-pose/data/raw/dataset_1/train/images/IMG_20250729_084312_jpg.rf.baca3ba5814776c0152310124f60693a.jpg,train
dataset_1,val,IMG_20250806_103910,/Users/avnisingh/delhivery-pallet-pose/data/raw/dataset_1/train/images/IMG_20250806_103910_jpg.rf.6779302482df58e1ed052483dc4d39c3.jpg,train
dataset_1,train,IMG_20250729_084335,/Users/avnisingh/delhivery-pallet-pose/data/raw/dataset_1/train/images/IMG_20250729_084335_jpg.rf.c50ce9f65ba4724b35ffbbeed3574250.jpg,train
dataset_1,train,IMG_20250729_085042,/Users/avnisingh/delhivery-pallet-pose/data/raw/dataset_1/train/images/IMG_20250729_085042_jpg.rf.204b8e727447e6f0db892f8ade5f0578.jpg,train
dataset_1,train,plastic-pallets-stacked-can-cause-accidents-factory-38453013,/Users/avnisingh/delhivery-pallet-pose/data/raw/dataset_1/train/images/plastic-pallets-stacked-can-cause-accidents-factory-38453013_jpg.rf.1a2d6b782be8708038ac2cb5f02a622e.jpg,train
dataset_1,train,IMG_20250729_083626,/Users/avnisingh/delhivery-pallet-pose/data/raw/dataset_1/train/images/IMG_20250729_083626_jpg.rf.50dbea1e43f5dad0c471a942ab8ee9e0.jpg,train
dataset_1,train,C5C21K,/Users/avnisingh/delhivery-pallet-pose/data/raw/dataset_1/train/images/C5C21K_jpg.rf.866b9930a04ec57bc1ead70f89cde182.jpg,train
dataset_1,val,IMG_20250729_084122,/Users/avnisingh/delhivery-pallet-pose/data/raw/dataset_1/train/images/IMG_20250729_084122_jpg.rf.2ecf8325d480432198aec47ea6cd4e83.jpg,train
dataset_1,val,IMG_20250729_084127,/Users/avnisingh/delhivery-pallet-pose/data/raw/dataset_1/train/images/IMG_20250729_084127_jpg.rf.fc695054be00cddc983584332cc37d03.jpg,train
dataset_1,train,0500,/Users/avnisingh/delhivery-pallet-pose/data/raw/dataset_1/train/images/0500_jpg.rf.e8b704c2867897f2e6a3081804d12a73.jpg,train
dataset_1,train,IMG_20250729_083847,/Users/avnisingh/delhivery-pallet-pose/data/raw/dataset_1/train/images/IMG_20250729_083847_jpg.rf.6fa0edcb6771b49a91beecc6d5f284ea.jpg,train
dataset_1,train,images57_jpeg,/Users/avnisingh/delhivery-pallet-pose/data/raw/dataset_1/train/images/images57_jpeg_jpg.rf.5127d8f4201ed84fb9b67a1e5403aae6.jpg,train
dataset_1,test,IMG_20250729_083636,/Users/avnisingh/delhivery-pallet-pose/data/raw/dataset_1/train/images/IMG_20250729_083636_jpg.rf.6ff9709f1d0879dbc724b6143ed3375a.jpg,train
dataset_1,train,0448,/Users/avnisingh/delhivery-pallet-pose/data/raw/dataset_1/train/images/0448_jpg.rf.504521072400bf4e9423f4d72863c94a.jpg,train
dataset_1,train,Where-to-Get-Pallets-for-Free-or-Cheap-Featured-Image,/Users/avnisingh/delhivery-pallet-pose/data/raw/dataset_1/train/images/Where-to-Get-Pallets-for-Free-or-Cheap-Featured-Image_jpg.rf.dbe92855c33ad5a1fcae937f5a8ab877.jpg,train
dataset_1,train,IMG_20250729_084524,/Users/avnisingh/delhivery-pallet-pose/data/raw/dataset_1/train/images/IMG_20250729_084524_jpg.rf.eb68cb085b7511e8c5a545de7f520b24.jpg,train
dataset_1,train,IMG_20250729_083605,/Users/avnisingh/delhivery-pallet-pose/data/raw/dataset_1/train/images/IMG_20250729_083605_jpg.rf.8b77d36dcedbb84abaf061265915b645.jpg,train
dataset_1,test,IMG_20250729_133047,/Users/avnisingh/delhivery-pallet-pose/data/raw/dataset_1/train/images/IMG_20250729_133047_jpg.rf.788e9c9b1ba0e9588d15d66920b2c541.jpg,train
dataset_1,test,IMG_20250729_085107,/Users/avnisingh/delhivery-pallet-pose/data/raw/dataset_1/train/images/IMG_20250729_085107_jpg.rf.831037fd53f1b220ac362f09e22f778a.jpg,train
dataset_1,test,0470,/Users/avnisingh/delhivery-pallet-pose/data/raw/dataset_1/train/images/0470_jpg.rf.6831a5c03228c4cbd7451256cb7bca49.jpg,train
dataset_1,train,B0EHAW,/Users/avnisingh/delhivery-pallet-pose/data/raw/dataset_1/train/images/B0EHAW_jpg.rf.744970d9428682402a82ba3673484bb9.jpg,train
dataset_1,train,0452,/Users/avnisingh/delhivery-pallet-pose/data/raw/dataset_1/train/images/0452_jpg.rf.37719f92073388997efd01c78eeb4fc7.jpg,train
dataset_1,train,IMG_20250729_085113,/Users/avnisingh/delhivery-pallet-pose/data/raw/dataset_1/train/images/IMG_20250729_085113_jpg.rf.9c9b8957d81b5254122f57b106a4d550.jpg,train
dataset_1,val,IMG_20250729_083928,/Users/avnisingh/delhivery-pallet-pose/data/raw/dataset_1/train/images/IMG_20250729_083928_jpg.rf.d3fb708c1e29cdc45171617692ac3618.jpg,train
dataset_1,train,IMG_20250729_083512,/Users/avnisingh/delhivery-pallet-pose/data/raw/dataset_1/train/images/IMG_20250729_083512_jpg.rf.6e873c246f578d1abb38c684d5552248.jpg,train
dataset_1,train,IMG_20250729_084327,/Users/avnisingh/delhivery-pallet-pose/data/raw/dataset_1/train/images/IMG_20250729_084327_jpg.rf.07b22f71b6c663637c7ebb7881a14dc9.jpg,train
dataset_1,train,0546,/Users/avnisingh/delhivery-pallet-pose/data/raw/dataset_1/train/images/0546_jpg.rf.682b76e878d3cb46139c0436aa804850.jpg,train
dataset_1,train,images119_jpeg,/Users/avnisingh/delhivery-pallet-pose/data/raw/dataset_1/train/images/images119_jpeg_jpg.rf.07545711795ab7e7181346336d7cdada.jpg,train
dataset_1,train,IMG_20250729_084533,/Users/avnisingh/delhivery-pallet-pose/data/raw/dataset_1/train/images/IMG_20250729_084533_jpg.rf.d88d60160b95bb348eb8b3e0184f3ea1.jpg,train
dataset_1,train,IMG_20250806_104551,/Users/avnisingh/delhivery-pallet-pose/data/raw/dataset_1/train/images/IMG_20250806_104551_jpg.rf.1e94ecdd3b3e4847b4f8705e6539fad1.jpg,train
dataset_1,test,0464,/Users/avnisingh/delhivery-pallet-pose/data/raw/dataset_1/train/images/0464_jpg.rf.8d19c4858ac1ba2cb0e49f20aa7ee532.jpg,train
dataset_1,test,IMG_20250729_084153,/Users/avnisingh/delhivery-pallet-pose/data/raw/dataset_1/train/images/IMG_20250729_084153_jpg.rf.78cb3b94eb5b3274352b054f2a8c387e.jpg,train
dataset_1,val,IMG_20250729_085036,/Users/avnisingh/delhivery-pallet-pose/data/raw/dataset_1/train/images/IMG_20250729_085036_jpg.rf.4fa9fd3494cee6b8ad0c0fcc7b90f0b0.jpg,train
dataset_1,train,IMG_20250813_135951,/Users/avnisingh/delhivery-pallet-pose/data/raw/dataset_1/train/images/IMG_20250813_135951_jpg.rf.87682b7c9db3ab8c92df38bbdda2c224.jpg,train
dataset_1,test,IMG_20250729_083753,/Users/avnisingh/delhivery-pallet-pose/data/raw/dataset_1/train/images/IMG_20250729_083753_jpg.rf.750147e84c64b70809011dab817ca11c.jpg,train
dataset_1,test,IMG_20250729_085121,/Users/avnisingh/delhivery-pallet-pose/data/raw/dataset_1/train/images/IMG_20250729_085121_jpg.rf.2a5651abcd604494dbb51e51698c0039.jpg,train
dataset_1,train,IMG_20250806_104105,/Users/avnisingh/delhivery-pallet-pose/data/raw/dataset_1/train/images/IMG_20250806_104105_jpg.rf.a90a738f769f725e031b0a7e9239995f.jpg,train
dataset_1,val,IMG_20250729_083706,/Users/avnisingh/delhivery-pallet-pose/data/raw/dataset_1/train/images/IMG_20250729_083706_jpg.rf.1d18eb827727f82951a382d8cab0ff84.jpg,train
dataset_1,train,IMG_20250729_083648,/Users/avnisingh/delhivery-pallet-pose/data/raw/dataset_1/train/images/IMG_20250729_083648_jpg.rf.095c7cda216ba64eed9ada8dd146d632.jpg,train
dataset_1,val,IMG_20250729_084127,/Users/avnisingh/delhivery-pallet-pose/data/raw/dataset_1/train/images/IMG_20250729_084127_jpg.rf.68ef6905aaeb8e5680e43b3c1949adb3.jpg,train
dataset_1,train,IMG_20250806_104509,/Users/avnisingh/delhivery-pallet-pose/data/raw/dataset_1/train/images/IMG_20250806_104509_jpg.rf.a172c15a8abedfcc0e244d128f1a1884.jpg,train
dataset_1,train,IMG_20250729_083648,/Users/avnisingh/delhivery-pallet-pose/data/raw/dataset_1/train/images/IMG_20250729_083648_jpg.rf.540ad8d82b7efdc91a351f37570f4921.jpg,train
dataset_1,train,IMG_20250729_083626,/Users/avnisingh/delhivery-pallet-pose/data/raw/dataset_1/train/images/IMG_20250729_083626_jpg.rf.1d83c86f317d35e36a626b8b3b68a322.jpg,train
dataset_1,train,0498,/Users/avnisingh/delhivery-pallet-pose/data/raw/dataset_1/train/images/0498_jpg.rf.64c71816e7728aa2b8b53fefcca6e77d.jpg,train
dataset_1,train,IMG_20250813_135918,/Users/avnisingh/delhivery-pallet-pose/data/raw/dataset_1/train/images/IMG_20250813_135918_jpg.rf.1261f3c2ce7b62483432f9d4f8267a1f.jpg,train
dataset_1,train,0466,/Users/avnisingh/delhivery-pallet-pose/data/raw/dataset_1/train/images/0466_jpg.rf.4898d29a7353b03db6e9835dc0364fc2.jpg,train
dataset_1,val,0508,/Users/avnisingh/delhivery-pallet-pose/data/raw/dataset_1/train/images/0508_jpg.rf.62ecb8d29527d11f1d7f1fdbbcc10440.jpg,train
dataset_1,train,namesnack-pallet-business-names-6000x3376-20200729_jpeg,/Users/avnisingh/delhivery-pallet-pose/data/raw/dataset_1/train/images/namesnack-pallet-business-names-6000x3376-20200729_jpeg_jpg.rf.3a36b6ab271be8f450e4717b5aa2188a.jpg,train
dataset_1,train,IMG_20250729_083551,/Users/avnisingh/delhivery-pallet-pose/data/raw/dataset_1/train/images/IMG_20250729_083551_jpg.rf.51a2622694eaebfdcc2b79b5083afa46.jpg,train
dataset_1,train,IMG_20250729_084631,/Users/avnisingh/delhivery-pallet-pose/data/raw/dataset_1/train/images/IMG_20250729_084631_jpg.rf.0cba29f3889591d4976c67fa3c134a01.jpg,train
dataset_1,test,0482,/Users/avnisingh/delhivery-pallet-pose/data/raw/dataset_1/train/images/0482_jpg.rf.7d71680e1ab9da1006673b634e6de994.jpg,train
dataset_1,test,IMG_20250813_100118,/Users/avnisingh/delhivery-pallet-pose/data/raw/dataset_1/train/images/IMG_20250813_100118_jpg.rf.3407ecc16dd6bf3646896996533a455f.jpg,train
dataset_1,train,IMG_20250729_083835,/Users/avnisingh/delhivery-pallet-pose/data/raw/dataset_1/train/images/IMG_20250729_083835_jpg.rf.57154f5c5b66e9908b1cb0cf57235268.jpg,train
dataset_1,train,IMG_20250729_083540,/Users/avnisingh/delhivery-pallet-pose/data/raw/dataset_1/train/images/IMG_20250729_083540_jpg.rf.a5336d6522d645a4ce1ae588d7f2f548.jpg,train
dataset_1,train,IMG_20250813_135928,/Users/avnisingh/delhivery-pallet-pose/data/raw/dataset_1/train/images/IMG_20250813_135928_jpg.rf.789cd00962ab4261de66a160aefc5835.jpg,train
dataset_1,val,IMG_20250729_083706,/Users/avnisingh/delhivery-pallet-pose/data/raw/dataset_1/train/images/IMG_20250729_083706_jpg.rf.313a6449ea7c2f127f469c6bdb9d8e40.jpg,train
dataset_1,val,0494,/Users/avnisingh/delhivery-pallet-pose/data/raw/dataset_1/train/images/0494_jpg.rf.0bd0a3c89756b684a87506bc2a357ecf.jpg,train
dataset_1,val,IMG_20250813_140131,/Users/avnisingh/delhivery-pallet-pose/data/raw/dataset_1/train/images/IMG_20250813_140131_jpg.rf.736a842ab25798ccc8dd0678aaf0f5cb.jpg,train
dataset_1,train,IMG_20250806_103917,/Users/avnisingh/delhivery-pallet-pose/data/raw/dataset_1/train/images/IMG_20250806_103917_jpg.rf.3ff0f9a4d496721a3c939adb77eb126b.jpg,train
dataset_1,train,IMG_20250729_083641,/Users/avnisingh/delhivery-pallet-pose/data/raw/dataset_1/train/images/IMG_20250729_083641_jpg.rf.2c9e2e303c3bde65a8c9ad333df3db52.jpg,train
dataset_1,train,stack-wooden-pallets-barrow-16271817,/Users/avnisingh/delhivery-pallet-pose/data/raw/dataset_1/train/images/stack-wooden-pallets-barrow-16271817_jpg.rf.493c2ed4baba595da3cb15f5c033f45e.jpg,train
dataset_1,val,0486,/Users/avnisingh/delhivery-pallet-pose/data/raw/dataset_1/train/images/0486_jpg.rf.ad4e4ddda03b6a0f83ec4564bef92190.jpg,train
dataset_1,test,0464,/Users/avnisingh/delhivery-pallet-pose/data/raw/dataset_1/train/images/0464_jpg.rf.f54337384be351262c1a3789a176931e.jpg,train
dataset_1,train,product-jpeg_jpeg,/Users/avnisingh/delhivery-pallet-pose/data/raw/dataset_1/train/images/product-jpeg_jpeg_jpg.rf.bc53c723d63be6d5d3c6dd0250050e17.jpg,train
dataset_1,test,IMG_20250729_083636,/Users/avnisingh/delhivery-pallet-pose/data/raw/dataset_1/train/images/IMG_20250729_083636_jpg.rf.ef67342290ad41f72982ba62ce9f5fc1.jpg,train
dataset_1,train,stack-pallets-row-several-empty-wooden-grass-35257885,/Users/avnisingh/delhivery-pallet-pose/data/raw/dataset_1/train/images/stack-pallets-row-several-empty-wooden-grass-35257885_jpg.rf.3cde19c76282dce1401540bc197031cd.jpg,train
dataset_1,train,IMG_20250729_084642,/Users/avnisingh/delhivery-pallet-pose/data/raw/dataset_1/train/images/IMG_20250729_084642_jpg.rf.36dd544e29f2c334f12d3482521a7392.jpg,train
dataset_1,test,IMG_20250729_085121,/Users/avnisingh/delhivery-pallet-pose/data/raw/dataset_1/train/images/IMG_20250729_085121_jpg.rf.1759774f5724ed50a9bab11a75901d1d.jpg,train
dataset_1,test,IMG_20250806_103953,/Users/avnisingh/delhivery-pallet-pose/data/raw/dataset_1/train/images/IMG_20250806_103953_jpg.rf.d0043ad6f3b5e3e92dc04b66e9033748.jpg,train
dataset_1,train,IMG_20250813_140318,/Users/avnisingh/delhivery-pallet-pose/data/raw/dataset_1/train/images/IMG_20250813_140318_jpg.rf.184b8c00bbaf0abb4f0cfa5cdddb7a52.jpg,train
dataset_1,train,stacked-colorful-rough-wooden-pallets-background-cargo-warehouse-135411310-1-,/Users/avnisingh/delhivery-pallet-pose/data/raw/dataset_1/train/images/stacked-colorful-rough-wooden-pallets-background-cargo-warehouse-135411310-1-_jpg.rf.51aa5744a1b832667fd0dba7bd4ef560.jpg,train
dataset_1,train,IMG_20250806_104509,/Users/avnisingh/delhivery-pallet-pose/data/raw/dataset_1/train/images/IMG_20250806_104509_jpg.rf.28aed19b8d2092867c1ef4e48797fc83.jpg,train
dataset_1,train,M2F7DY,/Users/avnisingh/delhivery-pallet-pose/data/raw/dataset_1/train/images/M2F7DY_jpg.rf.33f66708c42480e0af8cdb2682358948.jpg,train
dataset_1,train,IMG_20250806_104050,/Users/avnisingh/delhivery-pallet-pose/data/raw/dataset_1/train/images/IMG_20250806_104050_jpg.rf.ac184885ffbd632083a68a52e2a52baa.jpg,train
dataset_1,train,product-jpeg_jpeg,/Users/avnisingh/delhivery-pallet-pose/data/raw/dataset_1/train/images/product-jpeg_jpeg_jpg.rf.a5483a79a3d51c87f205bee96e096914.jpg,train
dataset_1,train,many-old-used-wooden-pallets-stack-outdoors-store-logistic-enterprise-many-old-used-wooden-pallets-stack-outdoors-212417251,/Users/avnisingh/delhivery-pallet-pose/data/raw/dataset_1/train/images/many-old-used-wooden-pallets-stack-outdoors-store-logistic-enterprise-many-old-used-wooden-pallets-stack-outdoors-212417251_jpg.rf.f1b4679781f954106061681ceb378e8c.jpg,train
dataset_1,train,IMG_20250806_104611,/Users/avnisingh/delhivery-pallet-pose/data/raw/dataset_1/train/images/IMG_20250806_104611_jpg.rf.4dab7fa0ab3e3d9a5954e7e0c8f6c860.jpg,train
dataset_1,val,0540,/Users/avnisingh/delhivery-pallet-pose/data/raw/dataset_1/train/images/0540_jpg.rf.15cbcfb3df7a86f5e258ca41c960c50d.jpg,train
dataset_1,test,IMG_20250806_104026,/Users/avnisingh/delhivery-pallet-pose/data/raw/dataset_1/train/images/IMG_20250806_104026_jpg.rf.5e9bf57821461b10c792418ee35a40be.jpg,train
dataset_1,train,IMG_20250729_084642,/Users/avnisingh/delhivery-pallet-pose/data/raw/dataset_1/train/images/IMG_20250729_084642_jpg.rf.bcf3ba2380223f4c6fb92b2b6b3146f6.jpg,train
dataset_1,train,2A3N3R3,/Users/avnisingh/delhivery-pallet-pose/data/raw/dataset_1/train/images/2A3N3R3_jpg.rf.29813eeaca3c1283396df8d98ac0e847.jpg,train
dataset_1,val,IMG_20250729_083706,/Users/avnisingh/delhivery-pallet-pose/data/raw/dataset_1/train/images/IMG_20250729_083706_jpg.rf.29af788318c3b3ed60078b94d6b7a341.jpg,train
dataset_1,train,pallets-stacked-outside-warehouse-athens-greece-november-pallets-stacked-outside-warehouse-196429851,/Users/avnisingh/delhivery-pallet-pose/data/raw/dataset_1/train/images/pallets-stacked-outside-warehouse-athens-greece-november-pallets-stacked-outside-warehouse-196429851_jpg.rf.62f7773d237d3db6cf3ba5269dc32fa0.jpg,train
dataset_1,train,stock-new-wooden-euro-pallets-transportation-company-39060878,/Users/avnisingh/delhivery-pallet-pose/data/raw/dataset_1/train/images/stock-new-wooden-euro-pallets-transportation-company-39060878_jpg.rf.f99480c5faffed5cdfb5398341279e55.jpg,train
dataset_1,train,0512,/Users/avnisingh/delhivery-pallet-pose/data/raw/dataset_1/train/images/0512_jpg.rf.56bd63b6bac0af68ddd6cc2131af168e.jpg,train
dataset_1,train,IMG_20250729_084230,/Users/avnisingh/delhivery-pallet-pose/data/raw/dataset_1/train/images/IMG_20250729_084230_jpg.rf.53c91e474a42e58a313ae3e06fa5fb78.jpg,train
dataset_1,train,IMG_20250813_135214,/Users/avnisingh/delhivery-pallet-pose/data/raw/dataset_1/train/images/IMG_20250813_135214_jpg.rf.829ec91550715a6b7d1d02c83d86878a.jpg,train
dataset_1,val,IMG_20250813_135701,/Users/avnisingh/delhivery-pallet-pose/data/raw/dataset_1/train/images/IMG_20250813_135701_jpg.rf.93bc4587f302c9a687fd79730eb99a04.jpg,train
dataset_1,train,IMG_20250806_103917,/Users/avnisingh/delhivery-pallet-pose/data/raw/dataset_1/train/images/IMG_20250806_103917_jpg.rf.390b2b09ff0d8e1e926842033feb78fd.jpg,train
dataset_1,test,IMG_20250729_084153,/Users/avnisingh/delhivery-pallet-pose/data/raw/dataset_1/train/images/IMG_20250729_084153_jpg.rf.0ffeafd5ffc2a7c557955e2a8bb2b0b4.jpg,train
dataset_1,train,IMG_20250813_135423,/Users/avnisingh/delhivery-pallet-pose/data/raw/dataset_1/train/images/IMG_20250813_135423_jpg.rf.568beae9167c94b98248af59b754a3f1.jpg,train
dataset_1,train,IMG_20250806_103857,/Users/avnisingh/delhivery-pallet-pose/data/raw/dataset_1/train/images/IMG_20250806_103857_jpg.rf.4f437e0a1cb9f941b9d43c705790b56d.jpg,train
dataset_1,train,industrial-wood-pallet-HFACKF1,/Users/avnisingh/delhivery-pallet-pose/data/raw/dataset_1/train/images/industrial-wood-pallet-HFACKF1_jpg.rf.ec421ce2a4d8ddf7ed13e3bf5f7ee59d.jpg,train
dataset_1,train,IMG_20250729_083546,/Users/avnisingh/delhivery-pallet-pose/data/raw/dataset_1/train/images/IMG_20250729_083546_jpg.rf.94cf39b5ca3a91df6d90de0c1608de93.jpg,train
dataset_1,val,IMG_20250806_104145,/Users/avnisingh/delhivery-pallet-pose/data/raw/dataset_1/train/images/IMG_20250806_104145_jpg.rf.db35d4d8855e5ba27c1ed157a7b12453.jpg,train
dataset_1,val,A49GRM,/Users/avnisingh/delhivery-pallet-pose/data/raw/dataset_1/train/images/A49GRM_jpg.rf.235d76c4f215939d2a6311e840659348.jpg,train
dataset_1,train,IMG_20250806_104611,/Users/avnisingh/delhivery-pallet-pose/data/raw/dataset_1/train/images/IMG_20250806_104611_jpg.rf.9b55c5d14cbf952999d3c7f33e6ec304.jpg,train
dataset_1,train,IMG_20250806_103934,/Users/avnisingh/delhivery-pallet-pose/data/raw/dataset_1/train/images/IMG_20250806_103934_jpg.rf.0a96eb13aa2e94a6d1563e084aebcede.jpg,train
dataset_1,train,IMG_20250729_083828,/Users/avnisingh/delhivery-pallet-pose/data/raw/dataset_1/train/images/IMG_20250729_083828_jpg.rf.16c88ff5948ad5549fd770a2312ca3c0.jpg,train
dataset_1,train,IMG_20250729_085055,/Users/avnisingh/delhivery-pallet-pose/data/raw/dataset_1/train/images/IMG_20250729_085055_jpg.rf.67f1457b1e5cc7f5e8901fc6df0dea3e.jpg,train
dataset_1,train,IMG_20250806_104149,/Users/avnisingh/delhivery-pallet-pose/data/raw/dataset_1/train/images/IMG_20250806_104149_jpg.rf.7671f50fa34851d9706b61d415b1657d.jpg,train
dataset_1,train,IMG_20250729_133052,/Users/avnisingh/delhivery-pallet-pose/data/raw/dataset_1/train/images/IMG_20250729_133052_jpg.rf.e3aa4ecf17dd981b7cf9dd8bd03b1194.jpg,train
dataset_1,train,IMG_20250729_084331,/Users/avnisingh/delhivery-pallet-pose/data/raw/dataset_1/train/images/IMG_20250729_084331_jpg.rf.d46e6cfc360b1936643bf103e5fc248b.jpg,train
dataset_1,train,IMG_20250729_083934,/Users/avnisingh/delhivery-pallet-pose/data/raw/dataset_1/train/images/IMG_20250729_083934_jpg.rf.8ef413088cb8a411cf010477bcce52ac.jpg,train
dataset_1,train,IMG_20250729_083612,/Users/avnisingh/delhivery-pallet-pose/data/raw/dataset_1/train/images/IMG_20250729_083612_jpg.rf.5ccb2ba67ca745bfd93b649b993fc120.jpg,train
dataset_1,val,IMG_20250729_083620,/Users/avnisingh/delhivery-pallet-pose/data/raw/dataset_1/train/images/IMG_20250729_083620_jpg.rf.96015bacaea1fb4edac9da45103787c6.jpg,train
dataset_1,test,IMG_20250804_141337,/Users/avnisingh/delhivery-pallet-pose/data/raw/dataset_1/train/images/IMG_20250804_141337_jpg.rf.73030bef5f683acbe76133a2a15b6936.jpg,train
dataset_1,val,0504,/Users/avnisingh/delhivery-pallet-pose/data/raw/dataset_1/train/images/0504_jpg.rf.dfc0ec55df384985c0aa7930cec926c7.jpg,train
dataset_1,val,IMG_20250813_135514,/Users/avnisingh/delhivery-pallet-pose/data/raw/dataset_1/train/images/IMG_20250813_135514_jpg.rf.0b4076f37e9df9c56ca82c726bb4e722.jpg,train
dataset_1,train,IMG_20250806_104611,/Users/avnisingh/delhivery-pallet-pose/data/raw/dataset_1/train/images/IMG_20250806_104611_jpg.rf.84c7103cc195f6e798ac487d9ea98098.jpg,train
dataset_1,val,IMG_20250729_083817,/Users/avnisingh/delhivery-pallet-pose/data/raw/dataset_1/train/images/IMG_20250729_083817_jpg.rf.a1eba9536170a46dc0fffe69430e2d75.jpg,train
dataset_1,train,IMG_20250806_103904,/Users/avnisingh/delhivery-pallet-pose/data/raw/dataset_1/train/images/IMG_20250806_103904_jpg.rf.cc5c71a4e038f952a9083b9186dfa619.jpg,train
dataset_1,train,2C11FDC,/Users/avnisingh/delhivery-pallet-pose/data/raw/dataset_1/train/images/2C11FDC_jpg.rf.03c25dc6ceb1c56b4a2b839497f66307.jpg,train
dataset_1,train,MHMXW4,/Users/avnisingh/delhivery-pallet-pose/data/raw/dataset_1/train/images/MHMXW4_jpg.rf.da05daea435cf15f9e15f40fa0381d4f.jpg,train
dataset_1,train,IMG_20250729_084623,/Users/avnisingh/delhivery-pallet-pose/data/raw/dataset_1/train/images/IMG_20250729_084623_jpg.rf.c5d99863e1aca0bdf5bbac2b2c5e7195.jpg,train
dataset_1,train,wooden-pallets-many-old-stock-front-warehouse-waiting-breaking-up-recycling-97825810,/Users/avnisingh/delhivery-pallet-pose/data/raw/dataset_1/train/images/wooden-pallets-many-old-stock-front-warehouse-waiting-breaking-up-recycling-97825810_jpg.rf.61f8cb18fac88fbd01f393f662f3a962.jpg,train
dataset_1,test,IMG_20250729_085121,/Users/avnisingh/delhivery-pallet-pose/data/raw/dataset_1/train/images/IMG_20250729_085121_jpg.rf.0a015742d53fff10f4611546a55e7d21.jpg,train
dataset_1,train,IMG_20250806_104135,/Users/avnisingh/delhivery-pallet-pose/data/raw/dataset_1/train/images/IMG_20250806_104135_jpg.rf.f4acb98cda1d5d667b6da54769877cd4.jpg,train
dataset_1,test,0468,/Users/avnisingh/delhivery-pallet-pose/data/raw/dataset_1/train/images/0468_jpg.rf.9859fd23448667a9cab977bde67caafa.jpg,train
dataset_1,test,IMG_20250729_083921,/Users/avnisingh/delhivery-pallet-pose/data/raw/dataset_1/train/images/IMG_20250729_083921_jpg.rf.715011f65b28a607db1589404e7ce46c.jpg,train
dataset_1,train,IMG_20250729_133054,/Users/avnisingh/delhivery-pallet-pose/data/raw/dataset_1/train/images/IMG_20250729_133054_jpg.rf.464fd3307c8a497888c9dd054ec3594c.jpg,train
dataset_1,val,wooden-pallets-surface-background-stack-pallet-warehouse-abstract-wooden-pallets-surface-background-stack-pallet-170110138-1-,/Users/avnisingh/delhivery-pallet-pose/data/raw/dataset_1/train/images/wooden-pallets-surface-background-stack-pallet-warehouse-abstract-wooden-pallets-surface-background-stack-pallet-170110138-1-_jpg.rf.d6fe4785a3d0ab286b47279809a10ece.jpg,train
dataset_1,train,GDG0MB,/Users/avnisingh/delhivery-pallet-pose/data/raw/dataset_1/train/images/GDG0MB_jpg.rf.25f6e8388b78ec32f74f17e4252f2664.jpg,train
dataset_1,test,0482,/Users/avnisingh/delhivery-pallet-pose/data/raw/dataset_1/train/images/0482_jpg.rf.b3ae48e015dec7f90386bba9cb8ea738.jpg,train
dataset_1,val,IMG_20250729_083620,/Users/avnisingh/delhivery-pallet-pose/data/raw/dataset_1/train/images/IMG_20250729_083620_jpg.rf.3fbc3ba0ed5dcc5a10c1a53c5ed1a377.jpg,train
dataset_1,train,IMG_20250729_085113,/Users/avnisingh/delhivery-pallet-pose/data/raw/dataset_1/train/images/IMG_20250729_085113_jpg.rf.2355790b3941e6e1946aa5891c23cf81.jpg,train
dataset_1,train,IMG_20250729_085042,/Users/avnisingh/delhivery-pallet-pose/data/raw/dataset_1/train/images/IMG_20250729_085042_jpg.rf.d68e5b24565dabdace1d159e07c940cb.jpg,train
dataset_1,train,0452,/Users/avnisingh/delhivery-pallet-pose/data/raw/dataset_1/train/images/0452_jpg.rf.bd96bbaa6d7a39d8572b0b956ea592b5.jpg,train
dataset_1,train,IMG_20250729_083802,/Users/avnisingh/delhivery-pallet-pose/data/raw/dataset_1/train/images/IMG_20250729_083802_jpg.rf.f8f5160afaf99dd4dc68d23f3b0a0636.jpg,train
dataset_1,train,IMG_20250729_083557,/Users/avnisingh/delhivery-pallet-pose/data/raw/dataset_1/train/images/IMG_20250729_083557_jpg.rf.c262a06acd9d3fe2a663cbcbb9b1bd93.jpg,train
dataset_1,val,A49GRM,/Users/avnisingh/delhivery-pallet-pose/data/raw/dataset_1/train/images/A49GRM_jpg.rf.77be1c106b5c668c8df8adac1e632211.jpg,train
dataset_1,train,IMG_20250813_135505,/Users/avnisingh/delhivery-pallet-pose/data/raw/dataset_1/train/images/IMG_20250813_135505_jpg.rf.23cf360a811a07707e96a91d31c70325.jpg,train
dataset_1,test,pallet-isolated-over-white-photo,/Users/avnisingh/delhivery-pallet-pose/data/raw/dataset_1/train/images/pallet-isolated-over-white-photo_jpg.rf.9c6c8738631a91f7d185dbf32b7de7c4.jpg,train
dataset_1,val,IMG_20250806_104145,/Users/avnisingh/delhivery-pallet-pose/data/raw/dataset_1/train/images/IMG_20250806_104145_jpg.rf.59c0850036f3d80dca1595437a2cb276.jpg,train
dataset_1,val,0510,/Users/avnisingh/delhivery-pallet-pose/data/raw/dataset_1/train/images/0510_jpg.rf.528dfe57a2c7a096966289a301ef99a0.jpg,train
dataset_1,train,IMG_20250729_083631,/Users/avnisingh/delhivery-pallet-pose/data/raw/dataset_1/train/images/IMG_20250729_083631_jpg.rf.d1a157574eb73aabac71ece63c1ee145.jpg,train
dataset_1,train,IMG_20250813_135305,/Users/avnisingh/delhivery-pallet-pose/data/raw/dataset_1/train/images/IMG_20250813_135305_jpg.rf.a9d9e44debb9ba70603b41429c98bf45.jpg,train
dataset_1,train,IMG_20250729_085059,/Users/avnisingh/delhivery-pallet-pose/data/raw/dataset_1/train/images/IMG_20250729_085059_jpg.rf.561ed0b6add0d9804669324c65c689db.jpg,train
dataset_1,train,IMG_20250729_084312,/Users/avnisingh/delhivery-pallet-pose/data/raw/dataset_1/train/images/IMG_20250729_084312_jpg.rf.78483df97fa0eafe9d2bbf09a7943389.jpg,train
dataset_1,train,IMG_20250729_083703,/Users/avnisingh/delhivery-pallet-pose/data/raw/dataset_1/train/images/IMG_20250729_083703_jpg.rf.c32ff2d6d3d8aaefdcd6ff46e59b81eb.jpg,train
dataset_1,test,0532,/Users/avnisingh/delhivery-pallet-pose/data/raw/dataset_1/train/images/0532_jpg.rf.2c408c561879194334fedf0235b54719.jpg,train
dataset_1,train,IMG_20250729_084135,/Users/avnisingh/delhivery-pallet-pose/data/raw/dataset_1/train/images/IMG_20250729_084135_jpg.rf.ddb4c2906eb6cc2e6bd2784ced53c23d.jpg,train
dataset_1,test,pallet-isolated-over-white-photo,/Users/avnisingh/delhivery-pallet-pose/data/raw/dataset_1/train/images/pallet-isolated-over-white-photo_jpg.rf.5df21254e49ab0ac96f69abf65474ebe.jpg,train
dataset_1,train,IMG_20250813_135825,/Users/avnisingh/delhivery-pallet-pose/data/raw/dataset_1/train/images/IMG_20250813_135825_jpg.rf.f498b8328396564122838f540c5f2eb7.jpg,train
dataset_1,train,DGKWTE,/Users/avnisingh/delhivery-pallet-pose/data/raw/dataset_1/train/images/DGKWTE_jpg.rf.ffe6ed4595499f9bc72f2d789a10a5a1.jpg,train
dataset_1,train,BKW77E,/Users/avnisingh/delhivery-pallet-pose/data/raw/dataset_1/train/images/BKW77E_jpg.rf.0a2fb2728bb572ed4628885b48b3339c.jpg,train
dataset_1,train,EGBDW0,/Users/avnisingh/delhivery-pallet-pose/data/raw/dataset_1/train/images/EGBDW0_jpg.rf.725ca40ee7e334583a8e3a1127ca8cd8.jpg,train
dataset_1,train,0544,/Users/avnisingh/delhivery-pallet-pose/data/raw/dataset_1/train/images/0544_jpg.rf.224689481656d15865b451ab3dd84100.jpg,train
dataset_1,train,B8KK2H,/Users/avnisingh/delhivery-pallet-pose/data/raw/dataset_1/train/images/B8KK2H_jpg.rf.a3bd09c17516dc37b17145abb8d65e74.jpg,train
dataset_1,train,IMG_20250729_085049,/Users/avnisingh/delhivery-pallet-pose/data/raw/dataset_1/train/images/IMG_20250729_085049_jpg.rf.9dad9bb6e685c06d8413aa151bcd851c.jpg,train
dataset_1,train,2A39J96,/Users/avnisingh/delhivery-pallet-pose/data/raw/dataset_1/train/images/2A39J96_jpg.rf.45a56b4715d736a9be8dff049963e72d.jpg,train
dataset_1,train,IMG_20250729_133041,/Users/avnisingh/delhivery-pallet-pose/data/raw/dataset_1/train/images/IMG_20250729_133041_jpg.rf.7963449dea2d788f08a8dd56aba997b9.jpg,train
dataset_1,train,0522,/Users/avnisingh/delhivery-pallet-pose/data/raw/dataset_1/train/images/0522_jpg.rf.8402cb4fd4fca608ffcf6a787dd09982.jpg,train
dataset_1,train,pallets-wooden-near-warehouse-exactly-stacked-48801669,/Users/avnisingh/delhivery-pallet-pose/data/raw/dataset_1/train/images/pallets-wooden-near-warehouse-exactly-stacked-48801669_jpg.rf.fdb22ac8cf825bd5570b095e57745c64.jpg,train
dataset_1,train,IMG_20250729_083551,/Users/avnisingh/delhivery-pallet-pose/data/raw/dataset_1/train/images/IMG_20250729_083551_jpg.rf.4069bc3b6e343058498291190126d751.jpg,train
dataset_1,val,IMG_20250729_084604,/Users/avnisingh/delhivery-pallet-pose/data/raw/dataset_1/train/images/IMG_20250729_084604_jpg.rf.1cf58d1d0d86b036e21c7505b9f59798.jpg,train
dataset_1,val,IMG_20250813_140131,/Users/avnisingh/delhivery-pallet-pose/data/raw/dataset_1/train/images/IMG_20250813_140131_jpg.rf.feddcb9e86aafc63684ee768ac27e33e.jpg,train
dataset_1,train,IMG_20250729_084147,/Users/avnisingh/delhivery-pallet-pose/data/raw/dataset_1/train/images/IMG_20250729_084147_jpg.rf.3ed84e2aa04835d7893f617d0066f04d.jpg,train
dataset_1,train,IMG_20250729_083528,/Users/avnisingh/delhivery-pallet-pose/data/raw/dataset_1/train/images/IMG_20250729_083528_jpg.rf.da9988aaa3d200e3269750e93375292b.jpg,train
dataset_1,train,IMG_20250729_084230,/Users/avnisingh/delhivery-pallet-pose/data/raw/dataset_1/train/images/IMG_20250729_084230_jpg.rf.463ed0900f57837e9c23f4e034df497e.jpg,train
dataset_1,test,IMG_20250806_104026,/Users/avnisingh/delhivery-pallet-pose/data/raw/dataset_1/train/images/IMG_20250806_104026_jpg.rf.f44f315479a67270499489d7d90e45fe.jpg,train
dataset_1,train,IMG_20250813_140401,/Users/avnisingh/delhivery-pallet-pose/data/raw/dataset_1/train/images/IMG_20250813_140401_jpg.rf.20ceec3dcd63f1224d55ffbf9a6b600f.jpg,train
dataset_1,train,euro-pallets-9583606,/Users/avnisingh/delhivery-pallet-pose/data/raw/dataset_1/train/images/euro-pallets-9583606_jpg.rf.dbb80198f2036589251bc74c2f82631a.jpg,train
dataset_1,train,IMG_20250729_084327,/Users/avnisingh/delhivery-pallet-pose/data/raw/dataset_1/train/images/IMG_20250729_084327_jpg.rf.78c734c952e5c0b7c180b8bc55a9452c.jpg,train
dataset_1,train,DGKWTE,/Users/avnisingh/delhivery-pallet-pose/data/raw/dataset_1/train/images/DGKWTE_jpg.rf.cd9991f99c1fed1f266d1e36e85c9c15.jpg,train
dataset_1,train,IMG_20250806_104105,/Users/avnisingh/delhivery-pallet-pose/data/raw/dataset_1/train/images/IMG_20250806_104105_jpg.rf.930e936178c916d71a26d08f116e3796.jpg,train
dataset_1,test,blue-forklift-pallets-as-background-nobody-150794004,/Users/avnisingh/delhivery-pallet-pose/data/raw/dataset_1/train/images/blue-forklift-pallets-as-background-nobody-150794004_jpg.rf.279ba641bd5bb773b0737a8f26140f5c.jpg,train
dataset_1,train,images6_jpeg,/Users/avnisingh/delhivery-pallet-pose/data/raw/dataset_1/train/images/images6_jpeg_jpg.rf.b5404c591e0e6259502862cb8b47c19d.jpg,train
dataset_1,val,IMG_20250806_104418,/Users/avnisingh/delhivery-pallet-pose/data/raw/dataset_1/train/images/IMG_20250806_104418_jpg.rf.bcd27788007a358d1ddceb3baec751f4.jpg,train
dataset_1,val,IMG_20250813_140356,/Users/avnisingh/delhivery-pallet-pose/data/raw/dataset_1/train/images/IMG_20250813_140356_jpg.rf.e6ef4961cae89c78924b18a334e11e83.jpg,train
dataset_1,train,wooden-pallets-23311358,/Users/avnisingh/delhivery-pallet-pose/data/raw/dataset_1/valid/images/wooden-pallets-23311358_jpg.rf.494fb1d00603917720143d9f8cd22853.jpg,valid
dataset_1,train,0534,/Users/avnisingh/delhivery-pallet-pose/data/raw/dataset_1/valid/images/0534_jpg.rf.0ab21e874ccd26e49097070993529c74.jpg,valid
dataset_1,train,0436,/Users/avnisingh/delhivery-pallet-pose/data/raw/dataset_1/valid/images/0436_jpg.rf.8308ecf175050881be9f34e669b314e3.jpg,valid
dataset_1,val,IMG_20250729_084122,/Users/avnisingh/delhivery-pallet-pose/data/raw/dataset_1/valid/images/IMG_20250729_084122_jpg.rf.879bbb83544c26dd9fcdf1a2941e3055.jpg,valid
dataset_1,train,wooden-euro-pallets-stacked-big-industrial-storehouse-wooden-euro-pallets-stacked-big-industrial-storehouse-173332622,/Users/avnisingh/delhivery-pallet-pose/data/raw/dataset_1/valid/images/wooden-euro-pallets-stacked-big-industrial-storehouse-wooden-euro-pallets-stacked-big-industrial-storehouse-173332622_jpg.rf.9241b4a8d1eab78f0624106d86aee932.jpg,valid
dataset_1,test,IMG_20250813_095904,/Users/avnisingh/delhivery-pallet-pose/data/raw/dataset_1/valid/images/IMG_20250813_095904_jpg.rf.7953b16abfd7e043264d506eb637285e.jpg,valid
dataset_1,train,0490,/Users/avnisingh/delhivery-pallet-pose/data/raw/dataset_1/valid/images/0490_jpg.rf.156df966997a3117f7076ab1678df2cf.jpg,valid
dataset_1,test,IMG_20250806_103953,/Users/avnisingh/delhivery-pallet-pose/data/raw/dataset_1/valid/images/IMG_20250806_103953_jpg.rf.a63ca8a288cfd9305059bc31a4f47cae.jpg,valid
dataset_1,train,IMG_20250729_083828,/Users/avnisingh/delhivery-pallet-pose/data/raw/dataset_1/valid/images/IMG_20250729_083828_jpg.rf.f9026a6d408bc5535d289531cfec643b.jpg,valid
dataset_1,train,IMG_20250729_084642,/Users/avnisingh/delhivery-pallet-pose/data/raw/dataset_1/valid/images/IMG_20250729_084642_jpg.rf.b7fad39d2196a454ae35c54307606957.jpg,valid
dataset_1,val,warehouse-many-pallets-ready-use-front-view-wooden-pallets-stacked-rows-pallets-located-middle-172394588-1-,/Users/avnisingh/delhivery-pallet-pose/data/raw/dataset_1/valid/images/warehouse-many-pallets-ready-use-front-view-wooden-pallets-stacked-rows-pallets-located-middle-172394588-1-_jpg.rf.f4077c86d0e5a305ad3e906c874ee57d.jpg,valid
dataset_1,test,IMG_20250813_135652,/Users/avnisingh/delhivery-pallet-pose/data/raw/dataset_1/valid/images/IMG_20250813_135652_jpg.rf.66f67fa7ee46c5acd923dc76383d8279.jpg,valid
dataset_1,train,IMG_20250806_104125,/Users/avnisingh/delhivery-pallet-pose/data/raw/dataset_1/valid/images/IMG_20250806_104125_jpg.rf.f5ddf6ec614e2f41e8453450ae2983aa.jpg,valid
dataset_1,train,0492,/Users/avnisingh/delhivery-pallet-pose/data/raw/dataset_1/valid/images/0492_jpg.rf.bdb1f66cb89f96db2313ae332854fee1.jpg,valid
dataset_1,test,0518,/Users/avnisingh/delhivery-pallet-pose/data/raw/dataset_1/valid/images/0518_jpg.rf.50dcf9231d6f8b484e3aea5adc0965ce.jpg,valid
dataset_1,train,wooden-pallets-warehouse-orders-63836552,/Users/avnisingh/delhivery-pallet-pose/data/raw/dataset_1/valid/images/wooden-pallets-warehouse-orders-63836552_jpg.rf.0b84c1296f4d717336e5e4c00f641476.jpg,valid
dataset_1,test,IMG_20250729_133047,/Users/avnisingh/delhivery-pallet-pose/data/raw/dataset_1/valid/images/IMG_20250729_133047_jpg.rf.5db88c32dd5094daccc39438ccdf7ece.jpg,valid
dataset_1,test,0458,/Users/avnisingh/delhivery-pallet-pose/data/raw/dataset_1/valid/images/0458_jpg.rf.fbd664b32fe260ef353fffad8ae1d3a8.jpg,valid
dataset_1,train,IMG_20250806_104105,/Users/avnisingh/delhivery-pallet-pose/data/raw/dataset_1/valid/images/IMG_20250806_104105_jpg.rf.790c7d752bb431a389619ff320e866bc.jpg,valid
dataset_1,train,IMG_20250813_135600,/Users/avnisingh/delhivery-pallet-pose/data/raw/dataset_1/valid/images/IMG_20250813_135600_jpg.rf.c3f09513464a743350a35b298aa6dbc6.jpg,valid
dataset_1,train,IMG_20250729_084135,/Users/avnisingh/delhivery-pallet-pose/data/raw/dataset_1/valid/images/IMG_20250729_084135_jpg.rf.aa82edd8edc5cbe08f2fbc78aec43b9b.jpg,valid
dataset_1,train,IMG_20250729_083940,/Users/avnisingh/delhivery-pallet-pose/data/raw/dataset_1/valid/images/IMG_20250729_083940_jpg.rf.3495e3c6e1cbd04e9b688a829f559ef0.jpg,valid
dataset_1,train,wooden-pallets-up-to-sky-16862357,/Users/avnisingh/delhivery-pallet-pose/data/raw/dataset_1/valid/images/wooden-pallets-up-to-sky-16862357_jpg.rf.d3031722c01b7a1da7a8b7b2016047e3.jpg,valid
dataset_1,train,IMG_20250806_104050,/Users/avnisingh/delhivery-pallet-pose/data/raw/dataset_1/valid/images/IMG_20250806_104050_jpg.rf.8814d241b03e1ed04175f2606cca25b7.jpg,valid
dataset_1,test,0554,/Users/avnisingh/delhivery-pallet-pose/data/raw/dataset_1/valid/images/0554_jpg.rf.8b00702e44b15989e152fbf0299e4611.jpg,valid
dataset_1,train,IMG_20250813_135717,/Users/avnisingh/delhivery-pallet-pose/data/raw/dataset_1/valid/images/IMG_20250813_135717_jpg.rf.f17ad272ef61533bda7701df81837d86.jpg,valid
dataset_1,train,IMG_20250729_084246,/Users/avnisingh/delhivery-pallet-pose/data/raw/dataset_1/valid/images/IMG_20250729_084246_jpg.rf.8dc5e103bad5047c272fb30193716dde.jpg,valid
dataset_1,train,IMG_20250729_085059,/Users/avnisingh/delhivery-pallet-pose/data/raw/dataset_1/valid/images/IMG_20250729_085059_jpg.rf.26a1ac9a63d922147cc72b47b415a6e0.jpg,valid
dataset_1,val,0484,/Users/avnisingh/delhivery-pallet-pose/data/raw/dataset_1/valid/images/0484_jpg.rf.509ae3143ac2b95f64e6e0ea0c4da856.jpg,valid
dataset_1,train,IMG_20250729_084205,/Users/avnisingh/delhivery-pallet-pose/data/raw/dataset_1/valid/images/IMG_20250729_084205_jpg.rf.a828d8909f0569e0da913ccb252d2820.jpg,valid
dataset_1,train,IMG_20250806_104105,/Users/avnisingh/delhivery-pallet-pose/data/raw/dataset_1/valid/images/IMG_20250806_104105_jpg.rf.13093f164d9eece10e6efb520bd42c2d.jpg,valid
dataset_1,train,IMG_20250729_084515,/Users/avnisingh/delhivery-pallet-pose/data/raw/dataset_1/valid/images/IMG_20250729_084515_jpg.rf.1710372d92dd7e35a68c0c059cf3d992.jpg,valid
dataset_1,train,A9AJJK,/Users/avnisingh/delhivery-pallet-pose/data/raw/dataset_1/valid/images/A9AJJK_jpg.rf.13206be5112d013deef30d0ec79046a3.jpg,valid
dataset_1,train,IMG_20250813_135406,/Users/avnisingh/delhivery-pallet-pose/data/raw/dataset_1/valid/images/IMG_20250813_135406_jpg.rf.fd4cdff8fc8c34d2e09c5358645a322f.jpg,valid
dataset_1,val,IMG_20250806_104418,/Users/avnisingh/delhivery-pallet-pose/data/raw/dataset_1/valid/images/IMG_20250806_104418_jpg.rf.2aeaccdbda32d88defab829bcb1f9dd4.jpg,valid
dataset_1,test,C5D4TR,/Users/avnisingh/delhivery-pallet-pose/data/raw/dataset_1/valid/images/C5D4TR_jpg.rf.cd438d8a6f7d70bec99fbee74f775a70.jpg,valid
dataset_1,val,0530,/Users/avnisingh/delhivery-pallet-pose/data/raw/dataset_1/valid/images/0530_jpg.rf.19a009e0fab9bf39479d71d3b35259fd.jpg,valid
dataset_1,train,IMG_20250806_104551,/Users/avnisingh/delhivery-pallet-pose/data/raw/dataset_1/valid/images/IMG_20250806_104551_jpg.rf.42e26aa4e2f03546135bf5ba5010d83d.jpg,valid
dataset_1,test,IMG_20250813_135442,/Users/avnisingh/delhivery-pallet-pose/data/raw/dataset_1/valid/images/IMG_20250813_135442_jpg.rf.f26f6ae419a24de5d6560dc8f0850001.jpg,valid
dataset_1,test,IMG_20250729_085121,/Users/avnisingh/delhivery-pallet-pose/data/raw/dataset_1/valid/images/IMG_20250729_085121_jpg.rf.5738a5db73c6bbad83af024b3464d2a3.jpg,valid
dataset_1,train,IMG_20250729_083658,/Users/avnisingh/delhivery-pallet-pose/data/raw/dataset_1/valid/images/IMG_20250729_083658_jpg.rf.3e96f270e20f956c341331d8dfb6549c.jpg,valid
dataset_1,train,IMG_20250806_104125,/Users/avnisingh/delhivery-pallet-pose/data/raw/dataset_1/valid/images/IMG_20250806_104125_jpg.rf.092d4f78f0566609493e876545832a8c.jpg,valid
dataset_1,train,IMG_20250729_084312,/Users/avnisingh/delhivery-pallet-pose/data/raw/dataset_1/valid/images/IMG_20250729_084312_jpg.rf.a72d37db261f3e8091b8d8b236df9d27.jpg,valid
dataset_1,train,IMG_20250729_133059,/Users/avnisingh/delhivery-pallet-pose/data/raw/dataset_1/valid/images/IMG_20250729_133059_jpg.rf.d4369176ff9c8c72cdeeb213db076bc4.jpg,valid
dataset_1,train,stack-industrial-plastic-pallets-stack-industrial-plastic-pallets-215737621,/Users/avnisingh/delhivery-pallet-pose/data/raw/dataset_1/valid/images/stack-industrial-plastic-pallets-stack-industrial-plastic-pallets-215737621_jpg.rf.13bf7964611d8f55512625318b1a8024.jpg,valid
dataset_1,train,IMG_20250806_104536,/Users/avnisingh/delhivery-pallet-pose/data/raw/dataset_1/valid/images/IMG_20250806_104536_jpg.rf.0521ec9e31a4272d4f47d31aa99b0673.jpg,valid
dataset_1,val,stack-of-pallets-on-hard-standing-DB1NCN,/Users/avnisingh/delhivery-pallet-pose/data/raw/dataset_1/valid/images/stack-of-pallets-on-hard-standing-DB1NCN_jpg.rf.d8e421da44974112f5aa355900fe6706.jpg,valid
dataset_1,val,IMG_20250729_084127,/Users/avnisingh/delhivery-pallet-pose/data/raw/dataset_1/valid/images/IMG_20250729_084127_jpg.rf.239d89f471ee8f6862faa645b8e1bca8.jpg,valid
dataset_1,val,IMG_20250729_084604,/Users/avnisingh/delhivery-pallet-pose/data/raw/dataset_1/valid/images/IMG_20250729_084604_jpg.rf.2ee4ae9280dca8e3e2bc4b1a9637ed4f.jpg,valid
dataset_1,train,IMG_20250813_135305,/Users/avnisingh/delhivery-pallet-pose/data/raw/dataset_1/valid/images/IMG_20250813_135305_jpg.rf.39e830fa15027278c70db79e988ffd14.jpg,valid
dataset_1,train,IMG_20250806_104129,/Users/avnisingh/delhivery-pallet-pose/data/raw/dataset_1/valid/images/IMG_20250806_104129_jpg.rf.a0e6e41c0a21aba1c0aae838808b184b.jpg,valid
dataset_1,train,IMG_20250729_083802,/Users/avnisingh/delhivery-pallet-pose/data/raw/dataset_1/valid/images/IMG_20250729_083802_jpg.rf.92abfda177529b30630b1dc9e0fa11ec.jpg,valid
dataset_1,test,stacked-of-rice-sacks-on-plastic-pallet-in-warehouse-DJ68BC,/Users/avnisingh/delhivery-pallet-pose/data/raw/dataset_1/valid/images/stacked-of-rice-sacks-on-plastic-pallet-in-warehouse-DJ68BC_jpg.rf.ffcad70363b7f50c326c3d87897b06f6.jpg,valid
dataset_1,train,IMG_20250729_083612,/Users/avnisingh/delhivery-pallet-pose/data/raw/dataset_1/valid/images/IMG_20250729_083612_jpg.rf.9f7cbfd90038f159aa7ab22f2999a52e.jpg,valid
dataset_1,train,IMG_20250729_083517,/Users/avnisingh/delhivery-pallet-pose/data/raw/dataset_1/valid/images/IMG_20250729_083517_jpg.rf.cdba255f128d1db65371002317fa151d.jpg,valid
dataset_1,train,IMG_20250729_083605,/Users/avnisingh/delhivery-pallet-pose/data/raw/dataset_1/valid/images/IMG_20250729_083605_jpg.rf.cae5c5bf4867318aeaa29a387cb53709.jpg,valid
dataset_1,train,0454,/Users/avnisingh/delhivery-pallet-pose/data/raw/dataset_1/valid/images/0454_jpg.rf.09408ed4633ea07160c1363174aa729e.jpg,valid
dataset_1,test,IMG_20250806_103755,/Users/avnisingh/delhivery-pallet-pose/data/raw/dataset_1/valid/images/IMG_20250806_103755_jpg.rf.889ad09072a674fd45a43692c2c836ac.jpg,valid
dataset_1,test,pallets-stacked-outside-warehouse-athens-greece-november-pallets-stacked-outside-warehouse-204709709,/Users/avnisingh/delhivery-pallet-pose/data/raw/dataset_1/valid/images/pallets-stacked-outside-warehouse-athens-greece-november-pallets-stacked-outside-warehouse-204709709_jpg.rf.b12a4d9a3a97d30859a4dc9f85bf1a68.jpg,valid
dataset_1,train,IMG_20250729_083652,/Users/avnisingh/delhivery-pallet-pose/data/raw/dataset_1/valid/images/IMG_20250729_083652_jpg.rf.28dfbc55d1055f5bf95172eeda912402.jpg,valid
dataset_1,train,IMG_20250804_141450,/Users/avnisingh/delhivery-pallet-pose/data/raw/dataset_1/valid/images/IMG_20250804_141450_jpg.rf.5cb3a56d382d4a8f131618fc5680488d.jpg,valid
dataset_1,train,IMG_20250729_083523,/Users/avnisingh/delhivery-pallet-pose/data/raw/dataset_1/valid/images/IMG_20250729_083523_jpg.rf.8634188bd84f8f824aba88ab664f5ee8.jpg,valid
dataset_1,train,IMG_20250729_133052,/Users/avnisingh/delhivery-pallet-pose/data/raw/dataset_1/valid/images/IMG_20250729_133052_jpg.rf.c58b1556f3d3c5d545969e94ffdfc0a2.jpg,valid
dataset_1,train,IMG_20250813_135042,/Users/avnisingh/delhivery-pallet-pose/data/raw/dataset_1/valid/images/IMG_20250813_135042_jpg.rf.dbb58e95b0b96c2cfae60694caebf78c.jpg,valid
dataset_1,train,IMG_20250729_085049,/Users/avnisingh/delhivery-pallet-pose/data/raw/dataset_1/valid/images/IMG_20250729_085049_jpg.rf.a544e16b1297864ef14b699dfdd697e0.jpg,valid
dataset_1,train,wood-pallets-background-15240112,/Users/avnisingh/delhivery-pallet-pose/data/raw/dataset_1/valid/images/wood-pallets-background-15240112_jpg.rf.fbaf2fc0df29adcdb4abbdfc10e16cc7.jpg,valid
dataset_1,train,2A3X76N,/Users/avnisingh/delhivery-pallet-pose/data/raw/dataset_1/valid/images/2A3X76N_jpg.rf.ca81dae71c746c3c3e0e8352c87fc8bd.jpg,valid
dataset_1,val,P94F69,/Users/avnisingh/delhivery-pallet-pose/data/raw/dataset_1/valid/images/P94F69_jpg.rf.341009f158cfc00f7464eb84daefc37a.jpg,valid
dataset_1,train,IMG_20250729_083517,/Users/avnisingh/delhivery-pallet-pose/data/raw/dataset_1/valid/images/IMG_20250729_083517_jpg.rf.e72cc6793cb69cc43b48d34f138c13fe.jpg,valid
dataset_1,val,0540,/Users/avnisingh/delhivery-pallet-pose/data/raw/dataset_1/valid/images/0540_jpg.rf.4e5f855a9719a8fe2e59d8e9b0c42653.jpg,valid
dataset_1,test,0542,/Users/avnisingh/delhivery-pallet-pose/data/raw/dataset_1/valid/images/0542_jpg.rf.d6b0d12ff4ef68e17f6414bd0ef1b361.jpg,valid
dataset_1,train,IMG_20250729_083847,/Users/avnisingh/delhivery-pallet-pose/data/raw/dataset_1/valid/images/IMG_20250729_083847_jpg.rf.954c5b9151cca6baf46fc6d6894c2934.jpg,valid
dataset_1,train,IMG_20250806_103857,/Users/avnisingh/delhivery-pallet-pose/data/raw/dataset_1/valid/images/IMG_20250806_103857_jpg.rf.6e08aa7242396fc081ddf39eb02cc676.jpg,valid
dataset_1,test,IMG_20250729_083636,/Users/avnisingh/delhivery-pallet-pose/data/raw/dataset_1/valid/images/IMG_20250729_083636_jpg.rf.15f17d68cda3e7c738039f028f056bee.jpg,valid
dataset_1,train,IMG_20250806_104050,/Users/avnisingh/delhivery-pallet-pose/data/raw/dataset_1/valid/images/IMG_20250806_104050_jpg.rf.9d125ff9a1b500e9386a2b6fbb7793e5.jpg,valid
dataset_1,test,IMG_20250806_103755,/Users/avnisingh/delhivery-pallet-pose/data/raw/dataset_1/valid/images/IMG_20250806_103755_jpg.rf.3a4cd1973a3fb8e2a8b742543c1ffc05.jpg,valid
dataset_1,train,IMG_20250729_083835,/Users/avnisingh/delhivery-pallet-pose/data/raw/dataset_1/valid/images/IMG_20250729_083835_jpg.rf.aedcbc3ea3e01572e5a51d83af5f8bfd.jpg,valid
dataset_1,test,IMG_20250729_083636,/Users/avnisingh/delhivery-pallet-pose/data/raw/dataset_1/valid/images/IMG_20250729_083636_jpg.rf.5f21a0056ac19255400f3c676f9fb008.jpg,valid
dataset_1,train,IMG_20250729_083551,/Users/avnisingh/delhivery-pallet-pose/data/raw/dataset_1/valid/images/IMG_20250729_083551_jpg.rf.79c7290ef8276811664b1cd19062ed27.jpg,valid
dataset_1,val,0494,/Users/avnisingh/delhivery-pallet-pose/data/raw/dataset_1/valid/images/0494_jpg.rf.27a2417ef06d6c24cae5b7b8524099ad.jpg,valid
dataset_1,train,IMG_20250729_084331,/Users/avnisingh/delhivery-pallet-pose/data/raw/dataset_1/valid/images/IMG_20250729_084331_jpg.rf.750791e867c95ceb50f0c8be8ba7f9b5.jpg,valid
dataset_1,train,IMG_20250729_083641,/Users/avnisingh/delhivery-pallet-pose/data/raw/dataset_1/valid/images/IMG_20250729_083641_jpg.rf.0324b525370a52e438e8267bc6cf12d5.jpg,valid
dataset_1,test,IMG_20250729_084141,/Users/avnisingh/delhivery-pallet-pose/data/raw/dataset_1/valid/images/IMG_20250729_084141_jpg.rf.682064fb4e5955c4ccc2ca0d8134bc41.jpg,valid
dataset_1,test,0438,/Users/avnisingh/delhivery-pallet-pose/data/raw/dataset_1/valid/images/0438_jpg.rf.2007da887d345bee54f552ee1efc231d.jpg,valid
dataset_1,train,IMG_20250729_084542,/Users/avnisingh/delhivery-pallet-pose/data/raw/dataset_1/valid/images/IMG_20250729_084542_jpg.rf.ebda7c92d8025118c73a553805f7e935.jpg,valid
dataset_1,test,IMG_20250813_100118,/Users/avnisingh/delhivery-pallet-pose/data/raw/dataset_1/valid/images/IMG_20250813_100118_jpg.rf.97d2616b6546e727396a333ae0c01c92.jpg,valid
dataset_1,train,0436,/Users/avnisingh/delhivery-pallet-pose/data/raw/dataset_1/valid/images/0436_jpg.rf.8439dff842c5516306e22de260c86cd8.jpg,valid
dataset_1,train,IMG_20250729_083523,/Users/avnisingh/delhivery-pallet-pose/data/raw/dataset_1/valid/images/IMG_20250729_083523_jpg.rf.6e261423b9bee25b4190eb3ba32a153a.jpg,valid
dataset_1,val,empty-pallets-29526098,/Users/avnisingh/delhivery-pallet-pose/data/raw/dataset_1/valid/images/empty-pallets-29526098_jpg.rf.3557ce3a42e1256b318208f04b00db75.jpg,valid
dataset_1,train,IMG_20250729_083523,/Users/avnisingh/delhivery-pallet-pose/data/raw/dataset_1/valid/images/IMG_20250729_083523_jpg.rf.d140535a070177dfee2b952f9762d91c.jpg,valid
dataset_1,train,IMG_20250813_135943,/Users/avnisingh/delhivery-pallet-pose/data/raw/dataset_1/valid/images/IMG_20250813_135943_jpg.rf.3897fb47cac77e59552ff2930bc6b16a.jpg,valid
dataset_1,train,IMG_20250806_104125,/Users/avnisingh/delhivery-pallet-pose/data/raw/dataset_1/valid/images/IMG_20250806_104125_jpg.rf.bbdb15f82314f1787a654c1db55b3504.jpg,valid
dataset_1,val,IMG_20250729_084122,/Users/avnisingh/delhivery-pallet-pose/data/raw/dataset_1/valid/images/IMG_20250729_084122_jpg.rf.c3bd3069df7cd7855ff4328c5ea12e0f.jpg,valid
dataset_1,train,IMG_20250729_084542,/Users/avnisingh/delhivery-pallet-pose/data/raw/dataset_1/valid/images/IMG_20250729_084542_jpg.rf.3845189827ae20c8d7dcab92fa8f6b05.jpg,valid
dataset_1,train,IMG_20250804_140843,/Users/avnisingh/delhivery-pallet-pose/data/raw/dataset_1/valid/images/IMG_20250804_140843_jpg.rf.3f5a875f2182e8f7ec74bc0ba3fe4080.jpg,valid
dataset_1,train,IMG_20250806_103917,/Users/avnisingh/delhivery-pallet-pose/data/raw/dataset_1/valid/images/IMG_20250806_103917_jpg.rf.f0ef6c50d7c98e20d3b2d9018c9de4dd.jpg,valid
dataset_1,val,IMG_20250729_083928,/Users/avnisingh/delhivery-pallet-pose/data/raw/dataset_1/valid/images/IMG_20250729_083928_jpg.rf.a32f1b62216fe7d4eeeede18fc530554.jpg,valid
dataset_1,train,wood-pallets-4395709,/Users/avnisingh/delhivery-pallet-pose/data/raw/dataset_1/valid/images/wood-pallets-4395709_jpg.rf.9f12007ac7f347c0bebe6f9d30fe2b5a.jpg,valid
dataset_1,val,cargo-pallets-portrait-format-469981,/Users/avnisingh/delhivery-pallet-pose/data/raw/dataset_1/valid/images/cargo-pallets-portrait-format-469981_jpg.rf.7c3fba58e0ab3d0e0cc8c74d5c9237e9.jpg,valid
dataset_1,train,IMG_20250806_103857,/Users/avnisingh/delhivery-pallet-pose/data/raw/dataset_1/valid/images/IMG_20250806_103857_jpg.rf.d22de471b1642f03ede37d88b87e9095.jpg,valid
dataset_1,train,IMG_20250813_135326,/Users/avnisingh/delhivery-pallet-pose/data/raw/dataset_1/valid/images/IMG_20250813_135326_jpg.rf.4a999740c506f1c236f066853d39910e.jpg,valid
dataset_1,val,IMG_20250729_083817,/Users/avnisingh/delhivery-pallet-pose/data/raw/dataset_1/valid/images/IMG_20250729_083817_jpg.rf.7ae26748125c457f782587b0fcc8f07a.jpg,valid
dataset_1,train,IMG_20250813_140303,/Users/avnisingh/delhivery-pallet-pose/data/raw/dataset_1/valid/images/IMG_20250813_140303_jpg.rf.4d584792df580ff2c43d531501f9171e.jpg,valid
dataset_1,train,IMG_20250729_083840,/Users/avnisingh/delhivery-pallet-pose/data/raw/dataset_1/valid/images/IMG_20250729_083840_jpg.rf.f797137cd032839b8c219e080e7e283d.jpg,valid
dataset_1,train,IMG_20250729_083528,/Users/avnisingh/delhivery-pallet-pose/data/raw/dataset_1/valid/images/IMG_20250729_083528_jpg.rf.a51b4a15786f861b74cdfa2a156c1039.jpg,valid
dataset_1,train,IMG_20250729_084004,/Users/avnisingh/delhivery-pallet-pose/data/raw/dataset_1/valid/images/IMG_20250729_084004_jpg.rf.dba61e161abaee154d9b3c890a7505b8.jpg,valid
dataset_1,train,IMG_20250729_083912,/Users/avnisingh/delhivery-pallet-pose/data/raw/dataset_1/valid/images/IMG_20250729_083912_jpg.rf.de02a5a9e8eb0490c80a1f21ef932650.jpg,valid
dataset_1,val,IMG_20250804_140855,/Users/avnisingh/delhivery-pallet-pose/data/raw/dataset_1/valid/images/IMG_20250804_140855_jpg.rf.62209a10ad373d529ee6d2de288257c2.jpg,valid
dataset_1,train,IMG_20250813_135912,/Users/avnisingh/delhivery-pallet-pose/data/raw/dataset_1/valid/images/IMG_20250813_135912_jpg.rf.a79d7c2010ee6a071f54ee4de3f6ae84.jpg,valid
dataset_1,train,IMG_20250813_135943,/Users/avnisingh/delhivery-pallet-pose/data/raw/dataset_1/valid/images/IMG_20250813_135943_jpg.rf.610ac6f1a737bea07a32e33db77da048.jpg,valid
dataset_1,train,IMG_20250729_085102,/Users/avnisingh/delhivery-pallet-pose/data/raw/dataset_1/valid/images/IMG_20250729_085102_jpg.rf.bdf7ad8de2656f53d8a891c826ba9297.jpg,valid
dataset_1,test,images55_jpeg,/Users/avnisingh/delhivery-pallet-pose/data/raw/dataset_1/valid/images/images55_jpeg_jpg.rf.77e8073246ecb335e28cacc6a28f7db0.jpg,valid
dataset_1,val,IMG_20250729_083507,/Users/avnisingh/delhivery-pallet-pose/data/raw/dataset_1/valid/images/IMG_20250729_083507_jpg.rf.b7b9ffd3dc1ac43b58ddc2b73696f77e.jpg,valid
dataset_1,train,IMG_20250806_104544,/Users/avnisingh/delhivery-pallet-pose/data/raw/dataset_1/valid/images/IMG_20250806_104544_jpg.rf.0f0db7cc608bd78ed798eb5acc83a9e8.jpg,valid
dataset_1,train,IMG_20250729_083528,/Users/avnisingh/delhivery-pallet-pose/data/raw/dataset_1/valid/images/IMG_20250729_083528_jpg.rf.6411ec5a7c389f502593f85a21d82971.jpg,valid
dataset_1,train,IMG_20250729_084331,/Users/avnisingh/delhivery-pallet-pose/data/raw/dataset_1/valid/images/IMG_20250729_084331_jpg.rf.b643a3ae955696e170f0dad3cc7fd268.jpg,valid
dataset_1,train,IMG_20250729_084524,/Users/avnisingh/delhivery-pallet-pose/data/raw/dataset_1/valid/images/IMG_20250729_084524_jpg.rf.78aecba7aadb21bdbd5f6227fd747064.jpg,valid
dataset_1,val,IMG_20250729_084127,/Users/avnisingh/delhivery-pallet-pose/data/raw/dataset_1/valid/images/IMG_20250729_084127_jpg.rf.3d210eed5c1b97437cd7613e79082b45.jpg,valid
dataset_1,train,0488,/Users/avnisingh/delhivery-pallet-pose/data/raw/dataset_1/valid/images/0488_jpg.rf.5ef1bf6f2cf3cae674ae864d5157a652.jpg,valid
dataset_1,train,IMG_20250729_084508,/Users/avnisingh/delhivery-pallet-pose/data/raw/dataset_1/valid/images/IMG_20250729_084508_jpg.rf.86ad9ead47cb277aa7c11522e4cbcf0d.jpg,valid
dataset_1,train,IMG_20250806_104515,/Users/avnisingh/delhivery-pallet-pose/data/raw/dataset_1/valid/images/IMG_20250806_104515_jpg.rf.ed05b0fa4a9353b0fb11205813122241.jpg,valid
dataset_1,val,IMG_20250813_140310,/Users/avnisingh/delhivery-pallet-pose/data/raw/dataset_1/valid/images/IMG_20250813_140310_jpg.rf.c5a300cc4bb2aca72225f15ddb804aa2.jpg,valid
dataset_1,train,IMG_20250729_084642,/Users/avnisingh/delhivery-pallet-pose/data/raw/dataset_1/valid/images/IMG_20250729_084642_jpg.rf.a6d0c079f19d406532f221fad6ef782f.jpg,valid
dataset_1,train,IMG_20250729_083557,/Users/avnisingh/delhivery-pallet-pose/data/raw/dataset_1/valid/images/IMG_20250729_083557_jpg.rf.9ae76f234fca8972db31103788e16719.jpg,valid
dataset_1,train,IMG_20250813_140301,/Users/avnisingh/delhivery-pallet-pose/data/raw/dataset_1/valid/images/IMG_20250813_140301_jpg.rf.13e1575f62d80b1f83b4429dffad8ade.jpg,valid
dataset_1,test,IMG_20250813_140329,/Users/avnisingh/delhivery-pallet-pose/data/raw/dataset_1/valid/images/IMG_20250813_140329_jpg.rf.d0ced6f91cbdf57ecdc0ca8b60d50047.jpg,valid
dataset_1,test,CXCF2J,/Users/avnisingh/delhivery-pallet-pose/data/raw/dataset_1/valid/images/CXCF2J_jpg.rf.b2f342450305c150ad5488b86c304f2e.jpg,valid
dataset_1,train,IMG_20250729_084533,/Users/avnisingh/delhivery-pallet-pose/data/raw/dataset_1/valid/images/IMG_20250729_084533_jpg.rf.4d9acfa8f344a39883e17d33c1e7da74.jpg,valid
dataset_1,val,IMG_20250729_084108,/Users/avnisingh/delhivery-pallet-pose/data/raw/dataset_1/valid/images/IMG_20250729_084108_jpg.rf.dd5aa80b2a273441866eb612eb80eef5.jpg,valid
dataset_1,train,IMG_20250729_084550,/Users/avnisingh/delhivery-pallet-pose/data/raw/dataset_1/valid/images/IMG_20250729_084550_jpg.rf.8e696d1a1b971af196a1723b5049d31f.jpg,valid
dataset_1,train,IMG_20250729_084250,/Users/avnisingh/delhivery-pallet-pose/data/raw/dataset_1/valid/images/IMG_20250729_084250_jpg.rf.4a03f8366c5df853d97e27fe92ae3f74.jpg,valid
dataset_1,val,IMG_20250806_104145,/Users/avnisingh/delhivery-pallet-pose/data/raw/dataset_1/valid/images/IMG_20250806_104145_jpg.rf.0b967f9af356a2a0235f0a7c8e393d29.jpg,valid
dataset_1,train,IMG_20250813_140318,/Users/avnisingh/delhivery-pallet-pose/data/raw/dataset_1/valid/images/IMG_20250813_140318_jpg.rf.adf01813ead9c2c73ffae7aeb23d614a.jpg,valid
dataset_1,test,wooden-pallets-stack-truck-freight-cargo-warehouse-transportation-logistics-industrial-157558754,/Users/avnisingh/delhivery-pallet-pose/data/raw/dataset_1/valid/images/wooden-pallets-stack-truck-freight-cargo-warehouse-transportation-logistics-industrial-157558754_jpg.rf.df167641e988fb99bcc889b417a998c2.jpg,valid
dataset_1,val,IMG_20250729_083507,/Users/avnisingh/delhivery-pallet-pose/data/raw/dataset_1/valid/images/IMG_20250729_083507_jpg.rf.5243fcebd7769bca6a794db426ff222c.jpg,valid
dataset_1,train,C5DCE2,/Users/avnisingh/delhivery-pallet-pose/data/raw/dataset_1/valid/images/C5DCE2_jpg.rf.a1b73f18854305c0cdcac75075f008e1.jpg,valid
dataset_1,test,IMG_20250729_084316,/Users/avnisingh/delhivery-pallet-pose/data/raw/dataset_1/valid/images/IMG_20250729_084316_jpg.rf.cddbc4720518fe0c3e5c3671d94d0107.jpg,valid
dataset_1,train,IMG_20250813_135257,/Users/avnisingh/delhivery-pallet-pose/data/raw/dataset_1/valid/images/IMG_20250813_135257_jpg.rf.402e618d160c50302ffc08145bca97c0.jpg,valid
dataset_1,val,IMG_20250729_084117,/Users/avnisingh/delhivery-pallet-pose/data/raw/dataset_1/valid/images/IMG_20250729_084117_jpg.rf.7e9926abb3ba08a3401ca3de70dad6be.jpg,valid
dataset_1,train,0524,/Users/avnisingh/delhivery-pallet-pose/data/raw/dataset_1/valid/images/0524_jpg.rf.a533d758b566ef3eac78ee7b3bd78128.jpg,valid
dataset_1,train,IMG_20250729_083931,/Users/avnisingh/delhivery-pallet-pose/data/raw/dataset_1/valid/images/IMG_20250729_083931_jpg.rf.8d7fdc33376a9340933a233e9a1a3591.jpg,valid
dataset_1,train,IMG_20250729_084335,/Users/avnisingh/delhivery-pallet-pose/data/raw/dataset_1/valid/images/IMG_20250729_084335_jpg.rf.ffcf79738473474714959fb44fb1ad35.jpg,valid
dataset_1,train,IMG_20250729_084013,/Users/avnisingh/delhivery-pallet-pose/data/raw/dataset_1/valid/images/IMG_20250729_084013_jpg.rf.caf1ee98a6f2e5d1427c1bebf540c6b1.jpg,valid
dataset_1,train,IMG_20250813_135843,/Users/avnisingh/delhivery-pallet-pose/data/raw/dataset_1/valid/images/IMG_20250813_135843_jpg.rf.3266a238f6fcdf1500b90a7cbad731c9.jpg,valid
dataset_1,test,0526,/Users/avnisingh/delhivery-pallet-pose/data/raw/dataset_1/valid/images/0526_jpg.rf.931a73123d06e0381f3eb287a19460b9.jpg,valid
dataset_1,train,IMG_20250729_084230,/Users/avnisingh/delhivery-pallet-pose/data/raw/dataset_1/valid/images/IMG_20250729_084230_jpg.rf.ef63f9db7fa5245b3728db53e2edf576.jpg,valid
dataset_1,train,IMG_20250729_085102,/Users/avnisingh/delhivery-pallet-pose/data/raw/dataset_1/valid/images/IMG_20250729_085102_jpg.rf.de314a6f2f3bb17d1d60e510503d7f1c.jpg,valid
dataset_1,train,IMG_20250729_084533,/Users/avnisingh/delhivery-pallet-pose/data/raw/dataset_1/valid/images/IMG_20250729_084533_jpg.rf.b02ee9f9216071aeab6ab23fb199d228.jpg,valid
dataset_1,train,IMG_20250729_084312,/Users/avnisingh/delhivery-pallet-pose/data/raw/dataset_1/valid/images/IMG_20250729_084312_jpg.rf.55c60804c313e911b76cb9134d57148b.jpg,valid
dataset_1,train,0516,/Users/avnisingh/delhivery-pallet-pose/data/raw/dataset_1/valid/images/0516_jpg.rf.c9b4a97530e8b1d3014760dfadf8a75e.jpg,valid
dataset_1,train,IMG_20250729_084230,/Users/avnisingh/delhivery-pallet-pose/data/raw/dataset_1/valid/images/IMG_20250729_084230_jpg.rf.e85e9d2f6e66d38f8f5b23c26bd52519.jpg,valid
dataset_1,val,IMG_20250806_103808,/Users/avnisingh/delhivery-pallet-pose/data/raw/dataset_1/valid/images/IMG_20250806_103808_jpg.rf.70c5ea81c8dd0a13a80cb17a9da115c3.jpg,valid
dataset_1,train,360_F_232174740_ogrd3by1iphrZ1xBbJ2FzNfDoGWt82on,/Users/avnisingh/delhivery-pallet-pose/data/raw/dataset_1/valid/images/360_F_232174740_ogrd3by1iphrZ1xBbJ2FzNfDoGWt82on_jpg.rf.ae8d10f636b82ea0f4df71b756c755d0.jpg,valid
dataset_1,test,IMG_20250729_083832,/Users/avnisingh/delhivery-pallet-pose/data/raw/dataset_1/valid/images/IMG_20250729_083832_jpg.rf.27efb1742638efae0edde7aa21060f5e.jpg,valid
dataset_1,train,IMG_20250813_140427,/Users/avnisingh/delhivery-pallet-pose/data/raw/dataset_1/valid/images/IMG_20250813_140427_jpg.rf.8be514657bd1c2c0cb28f00d16815eca.jpg,valid
dataset_1,train,IMG_20250813_095913,/Users/avnisingh/delhivery-pallet-pose/data/raw/dataset_1/valid/images/IMG_20250813_095913_jpg.rf.7ab1bbfa25ed0ae832f4cb18b21e547e.jpg,valid
dataset_1,train,IMG_20250729_133059,/Users/avnisingh/delhivery-pallet-pose/data/raw/dataset_1/valid/images/IMG_20250729_133059_jpg.rf.837df549a26fa2fa810f3d4c34facaec.jpg,valid
dataset_1,train,IMG_20250813_140340,/Users/avnisingh/delhivery-pallet-pose/data/raw/dataset_1/valid/images/IMG_20250813_140340_jpg.rf.7643940640dbb6c9ac2ba86583882628.jpg,valid
dataset_1,val,0552,/Users/avnisingh/delhivery-pallet-pose/data/raw/dataset_1/valid/images/0552_jpg.rf.21bdaab386b8073750a5faeba698585c.jpg,valid
dataset_1,train,IMG_20250729_083840,/Users/avnisingh/delhivery-pallet-pose/data/raw/dataset_1/valid/images/IMG_20250729_083840_jpg.rf.6e2535a5fc6ae0f8fe829f9f3f5e776b.jpg,valid
dataset_1,val,2E4A6GR,/Users/avnisingh/delhivery-pallet-pose/data/raw/dataset_1/valid/images/2E4A6GR_jpg.rf.8b03d817470e6a6937a2d5ea0cc2f36a.jpg,valid
dataset_1,train,IMG_20250806_103925,/Users/avnisingh/delhivery-pallet-pose/data/raw/dataset_1/valid/images/IMG_20250806_103925_jpg.rf.5d4ad13c630165fafb64e9e487ed6cf6.jpg,valid
dataset_1,test,IMG_20250806_104026,/Users/avnisingh/delhivery-pallet-pose/data/raw/dataset_1/valid/images/IMG_20250806_104026_jpg.rf.5fb823b7e923d7c5cb5a0230148d0582.jpg,valid
dataset_1,train,IMG_20250729_133059,/Users/avnisingh/delhivery-pallet-pose/data/raw/dataset_1/valid/images/IMG_20250729_133059_jpg.rf.1b67322f6c13d80c32061917a83c7c77.jpg,valid
dataset_1,val,2E4A6GR,/Users/avnisingh/delhivery-pallet-pose/data/raw/dataset_1/valid/images/2E4A6GR_jpg.rf.ed00e525fcf88f3692bed73d0e670b16.jpg,valid
dataset_1,train,0476,/Users/avnisingh/delhivery-pallet-pose/data/raw/dataset_1/valid/images/0476_jpg.rf.8711e07d5d8ccbdc6d62a8255459f342.jpg,valid
dataset_1,test,wooden-pallets-stack-truck-freight-cargo-warehouse-transportation-logistics-industrial-157558754,/Users/avnisingh/delhivery-pallet-pose/data/raw/dataset_1/valid/images/wooden-pallets-stack-truck-freight-cargo-warehouse-transportation-logistics-industrial-157558754_jpg.rf.b2636eda7a25bf75ee9b254a2a6fd0b8.jpg,valid
dataset_1,test,IMG_20250729_083753,/Users/avnisingh/delhivery-pallet-pose/data/raw/dataset_1/valid/images/IMG_20250729_083753_jpg.rf.30d9de3db9f034f289ac88560fd04e02.jpg,valid
dataset_1,test,0526,/Users/avnisingh/delhivery-pallet-pose/data/raw/dataset_1/valid/images/0526_jpg.rf.6df64df7eae110e1049476ded86c6e42.jpg,valid
dataset_1,train,IMG_20250729_084147,/Users/avnisingh/delhivery-pallet-pose/data/raw/dataset_1/valid/images/IMG_20250729_084147_jpg.rf.6a87684ff64850bbb184781f91280b60.jpg,valid
dataset_1,train,0444,/Users/avnisingh/delhivery-pallet-pose/data/raw/dataset_1/valid/images/0444_jpg.rf.accb92cf46b2c051bf872da25707f96a.jpg,valid
dataset_1,train,0456,/Users/avnisingh/delhivery-pallet-pose/data/raw/dataset_1/valid/images/0456_jpg.rf.d7159d221a17d2c01d58739924793b26.jpg,valid
dataset_1,train,IMG_20250729_083847,/Users/avnisingh/delhivery-pallet-pose/data/raw/dataset_1/valid/images/IMG_20250729_083847_jpg.rf.7b5d918bcf89628c62c485b58dc4abf4.jpg,valid
dataset_1,train,IMG_20250804_141322,/Users/avnisingh/delhivery-pallet-pose/data/raw/dataset_1/valid/images/IMG_20250804_141322_jpg.rf.3678953d617cfc4b9da521ec95453ddc.jpg,valid
dataset_1,test,IMG_20250729_083759,/Users/avnisingh/delhivery-pallet-pose/data/raw/dataset_1/valid/images/IMG_20250729_083759_jpg.rf.b08ed4c178bd664239f9742fae0e52e5.jpg,valid
dataset_1,val,IMG_20250729_084108,/Users/avnisingh/delhivery-pallet-pose/data/raw/dataset_1/valid/images/IMG_20250729_084108_jpg.rf.10b1d1509a599ae2ac1076e208860b67.jpg,valid
dataset_1,test,IMG_20250729_083921,/Users/avnisingh/delhivery-pallet-pose/data/raw/dataset_1/valid/images/IMG_20250729_083921_jpg.rf.d5e24dd2a4ca92bec0c85035fcf424d6.jpg,valid
dataset_1,train,0520,/Users/avnisingh/delhivery-pallet-pose/data/raw/dataset_1/valid/images/0520_jpg.rf.4a8a59e59257261f88b0f41b45f8728a.jpg,valid
dataset_1,test,IMG_20250729_085107,/Users/avnisingh/delhivery-pallet-pose/data/raw/dataset_1/valid/images/IMG_20250729_085107_jpg.rf.96dfb8c43cb9965778ecad7bafcc2277.jpg,valid
dataset_1,val,0504,/Users/avnisingh/delhivery-pallet-pose/data/raw/dataset_1/valid/images/0504_jpg.rf.5892509060710b242935314e77f0676f.jpg,valid
dataset_1,train,IMG_20250729_083631,/Users/avnisingh/delhivery-pallet-pose/data/raw/dataset_1/valid/images/IMG_20250729_083631_jpg.rf.82bc6234bdb91ab9c3a9fb3ba345d709.jpg,valid
dataset_1,test,IMG_20250729_083805,/Users/avnisingh/delhivery-pallet-pose/data/raw/dataset_1/valid/images/IMG_20250729_083805_jpg.rf.4c77aec252f44eebd8ac5aea43112a21.jpg,valid
dataset_1,train,IMG_20250729_083557,/Users/avnisingh/delhivery-pallet-pose/data/raw/dataset_1/valid/images/IMG_20250729_083557_jpg.rf.a604da107ec4fc982068479b30fd7c12.jpg,valid
dataset_1,train,IMG_20250729_084515,/Users/avnisingh/delhivery-pallet-pose/data/raw/dataset_1/valid/images/IMG_20250729_084515_jpg.rf.c37bf368b7d82fad2073fdd4b46e68e4.jpg,valid
dataset_1,train,IMG_20250729_083612,/Users/avnisingh/delhivery-pallet-pose/data/raw/dataset_1/test/images/IMG_20250729_083612_jpg.rf.5cd27f3b33b6d6cb41a9ad4e5935aab4.jpg,test
dataset_1,test,IMG_20250806_103953,/Users/avnisingh/delhivery-pallet-pose/data/raw/dataset_1/test/images/IMG_20250806_103953_jpg.rf.1b940147d5d7b3e04b7443a751395688.jpg,test
dataset_1,train,IMG_20250806_104140,/Users/avnisingh/delhivery-pallet-pose/data/raw/dataset_1/test/images/IMG_20250806_104140_jpg.rf.09893f44d91d77ef6468ac6258401401.jpg,test
dataset_1,test,0536,/Users/avnisingh/delhivery-pallet-pose/data/raw/dataset_1/test/images/0536_jpg.rf.ce0f58d605106280d3c4eb693f6de756.jpg,test
dataset_1,test,IMG_20250729_083805,/Users/avnisingh/delhivery-pallet-pose/data/raw/dataset_1/test/images/IMG_20250729_083805_jpg.rf.40fcfeaf468ac485bc41d5df932804d5.jpg,test
dataset_1,train,B0EHAW,/Users/avnisingh/delhivery-pallet-pose/data/raw/dataset_1/test/images/B0EHAW_jpg.rf.038f23d6fb321408ce2208ee08bca610.jpg,test
dataset_1,train,IMG_20250729_083648,/Users/avnisingh/delhivery-pallet-pose/data/raw/dataset_1/test/images/IMG_20250729_083648_jpg.rf.089686748610a7ccbdcca231185dca2c.jpg,test
dataset_1,train,IMG_20250813_135804,/Users/avnisingh/delhivery-pallet-pose/data/raw/dataset_1/test/images/IMG_20250813_135804_jpg.rf.686de2026db309f1c1d1ddde7d99dec9.jpg,test
dataset_1,val,IMG_20250729_085036,/Users/avnisingh/delhivery-pallet-pose/data/raw/dataset_1/test/images/IMG_20250729_085036_jpg.rf.662f41f5a0071d8c2a9d00fe636d3e79.jpg,test
dataset_1,train,IMG_20250729_084319,/Users/avnisingh/delhivery-pallet-pose/data/raw/dataset_1/test/images/IMG_20250729_084319_jpg.rf.50026c5328e80b2ecf0e1ac28eed5f18.jpg,test
dataset_1,train,IMG_20250806_104140,/Users/avnisingh/delhivery-pallet-pose/data/raw/dataset_1/test/images/IMG_20250806_104140_jpg.rf.b0ba8d527d0a40cb77c08d97c88f5634.jpg,test
dataset_1,train,IMG_20250729_084135,/Users/avnisingh/delhivery-pallet-pose/data/raw/dataset_1/test/images/IMG_20250729_084135_jpg.rf.dc7c551f680207794f27b9a6305c706a.jpg,test
dataset_1,train,0454,/Users/avnisingh/delhivery-pallet-pose/data/raw/dataset_1/test/images/0454_jpg.rf.9cc579341b6dcb617be71432484e89b1.jpg,test
dataset_1,train,IMG_20250813_140313,/Users/avnisingh/delhivery-pallet-pose/data/raw/dataset_1/test/images/IMG_20250813_140313_jpg.rf.1041e8f7d7367959a0cc9821d8d4ad57.jpg,test
dataset_1,train,IMG_20250729_084515,/Users/avnisingh/delhivery-pallet-pose/data/raw/dataset_1/test/images/IMG_20250729_084515_jpg.rf.aadf62450ec9984ca16b27e692149c86.jpg,test
dataset_1,train,IMG_20250806_103904,/Users/avnisingh/delhivery-pallet-pose/data/raw/dataset_1/test/images/IMG_20250806_103904_jpg.rf.ff34985f477d2a321389280396385385.jpg,test
dataset_1,val,0552,/Users/avnisingh/delhivery-pallet-pose/data/raw/dataset_1/test/images/0552_jpg.rf.b43e952094d26bc7a9e8a17b5075cd31.jpg,test
dataset_1,val,IMG_20250729_084122,/Users/avnisingh/delhivery-pallet-pose/data/raw/dataset_1/test/images/IMG_20250729_084122_jpg.rf.658617817909206974485f91214c8faa.jpg,test
dataset_1,train,piles-wooden-cargo-pallets-stacked-pallet-warehouse-223996293,/Users/avnisingh/delhivery-pallet-pose/data/raw/dataset_1/test/images/piles-wooden-cargo-pallets-stacked-pallet-warehouse-223996293_jpg.rf.5105c492b8a29877dc0077aa8d62622c.jpg,test
dataset_1,test,IMG_20250729_083753,/Users/avnisingh/delhivery-pallet-pose/data/raw/dataset_1/test/images/IMG_20250729_083753_jpg.rf.a4bb8cd65f92d298206a29659e072c71.jpg,test
dataset_1,train,IMG_20250806_104551,/Users/avnisingh/delhivery-pallet-pose/data/raw/dataset_1/test/images/IMG_20250806_104551_jpg.rf.28c32595bea00092a634a4b51c149369.jpg,test
dataset_1,train,IMG_20250729_084635,/Users/avnisingh/delhivery-pallet-pose/data/raw/dataset_1/test/images/IMG_20250729_084635_jpg.rf.de86eed7d95d1332ab088696a3e11e80.jpg,test
dataset_1,test,0458,/Users/avnisingh/delhivery-pallet-pose/data/raw/dataset_1/test/images/0458_jpg.rf.5a130be3cc9e31b894a82687e17c6eeb.jpg,test
dataset_1,train,IMG_20250729_084225,/Users/avnisingh/delhivery-pallet-pose/data/raw/dataset_1/test/images/IMG_20250729_084225_jpg.rf.f15bd7f296ac6ab961a42fcc16274c03.jpg,test
dataset_1,train,IMG_20250729_133041,/Users/avnisingh/delhivery-pallet-pose/data/raw/dataset_1/test/images/IMG_20250729_133041_jpg.rf.1fd40091ddcac25b9f039656b497c2e7.jpg,test
dataset_1,train,IMG_20250729_083723,/Users/avnisingh/delhivery-pallet-pose/data/raw/dataset_1/test/images/IMG_20250729_083723_jpg.rf.502ed541d444c7ee814a1a9296e57ece.jpg,test
dataset_1,val,IMG_20250729_083824,/Users/avnisingh/delhivery-pallet-pose/data/raw/dataset_1/test/images/IMG_20250729_083824_jpg.rf.6ef1a51b55b02766e72a61d3ea981a52.jpg,test
dataset_1,train,IMG_20250729_083813,/Users/avnisingh/delhivery-pallet-pose/data/raw/dataset_1/test/images/IMG_20250729_083813_jpg.rf.775c9b002130349e45a856d576a67119.jpg,test
dataset_1,train,IMG_20250729_083703,/Users/avnisingh/delhivery-pallet-pose/data/raw/dataset_1/test/images/IMG_20250729_083703_jpg.rf.3aa5936e4ab353789bbf910a9f284be9.jpg,test
dataset_1,test,IMG_20250729_083832,/Users/avnisingh/delhivery-pallet-pose/data/raw/dataset_1/test/images/IMG_20250729_083832_jpg.rf.8d87564e3e69a7d5bb1dc9f89b74f765.jpg,test
dataset_1,train,IMG_20250806_104611,/Users/avnisingh/delhivery-pallet-pose/data/raw/dataset_1/test/images/IMG_20250806_104611_jpg.rf.15dc72acf4ea848993862b98c03c96d1.jpg,test
dataset_1,train,IMG_20250729_083540,/Users/avnisingh/delhivery-pallet-pose/data/raw/dataset_1/test/images/IMG_20250729_083540_jpg.rf.932092557110d116a4f9a76b3c4ef43b.jpg,test
dataset_1,train,IMG_20250806_104536,/Users/avnisingh/delhivery-pallet-pose/data/raw/dataset_1/test/images/IMG_20250806_104536_jpg.rf.9ff6e52a4cdec69bf8b30d897b6e4ed3.jpg,test
dataset_1,train,IMG_20250729_083652,/Users/avnisingh/delhivery-pallet-pose/data/raw/dataset_1/test/images/IMG_20250729_083652_jpg.rf.92e3ee95d459934d1de4d06f842942ac.jpg,test
dataset_1,train,0492,/Users/avnisingh/delhivery-pallet-pose/data/raw/dataset_1/test/images/0492_jpg.rf.e82042c3e2b0fb55b06abfed6438b2db.jpg,test
dataset_1,train,IMG_20250729_083931,/Users/avnisingh/delhivery-pallet-pose/data/raw/dataset_1/test/images/IMG_20250729_083931_jpg.rf.a73e15444c2b6f2249a4b01863a9160b.jpg,test
dataset_1,train,0522,/Users/avnisingh/delhivery-pallet-pose/data/raw/dataset_1/test/images/0522_jpg.rf.e043ef0757c442c6876dffd8d6314438.jpg,test
dataset_1,train,IMG_20250813_140118,/Users/avnisingh/delhivery-pallet-pose/data/raw/dataset_1/test/images/IMG_20250813_140118_jpg.rf.186f3d5710c7bff794979949c17288e8.jpg,test
dataset_1,train,IMG_20250729_084225,/Users/avnisingh/delhivery-pallet-pose/data/raw/dataset_1/test/images/IMG_20250729_084225_jpg.rf.bea8fcd0e5586861062b6dfb2f82d1a4.jpg,test
dataset_1,test,IMG_20250813_095904,/Users/avnisingh/delhivery-pallet-pose/data/raw/dataset_1/test/images/IMG_20250813_095904_jpg.rf.4d7121843e6e25942b2a9e13e7cd9cd5.jpg,test
dataset_1,val,IMG_20250806_104456,/Users/avnisingh/delhivery-pallet-pose/data/raw/dataset_1/test/images/IMG_20250806_104456_jpg.rf.431544c53dd5bc8d36ad9dfd311a98e3.jpg,test
dataset_1,train,IMG_20250729_083546,/Users/avnisingh/delhivery-pallet-pose/data/raw/dataset_1/test/images/IMG_20250729_083546_jpg.rf.1f1e7a6c7725a97d23259b5ab451d2cb.jpg,test
dataset_1,test,IMG_20250729_083832,/Users/avnisingh/delhivery-pallet-pose/data/raw/dataset_1/test/images/IMG_20250729_083832_jpg.rf.25f09839e3b19b8c9e0d52ded22bd60d.jpg,test
dataset_1,train,IMG_20250729_083940,/Users/avnisingh/delhivery-pallet-pose/data/raw/dataset_1/test/images/IMG_20250729_083940_jpg.rf.0e645897b76da202cee22962ac5d2624.jpg,test
dataset_1,val,IMG_20250729_083620,/Users/avnisingh/delhivery-pallet-pose/data/raw/dataset_1/test/images/IMG_20250729_083620_jpg.rf.2e1c043b637f1dac7a3682baa5d12a05.jpg,test
dataset_1,train,IMG_20250729_083528,/Users/avnisingh/delhivery-pallet-pose/data/raw/dataset_1/test/images/IMG_20250729_083528_jpg.rf.7c8dd354f256ea60718051b7a0ef0c16.jpg,test
dataset_1,train,IMG_20250729_083912,/Users/avnisingh/delhivery-pallet-pose/data/raw/dataset_1/test/images/IMG_20250729_083912_jpg.rf.26914ffc7a7ff2a8abf4dc2bf461f9b2.jpg,test
dataset_1,train,IMG_20250813_135753,/Users/avnisingh/delhivery-pallet-pose/data/raw/dataset_1/test/images/IMG_20250813_135753_jpg.rf.48e5cef4fdf5a4fbae13a6f3d0d8f1a8.jpg,test
dataset_1,train,IMG_20250729_084327,/Users/avnisingh/delhivery-pallet-pose/data/raw/dataset_1/test/images/IMG_20250729_084327_jpg.rf.3dc2b95a00f3af7843ffc96fb1fc9c04.jpg,test
dataset_1,train,IMG_20250813_095854,/Users/avnisingh/delhivery-pallet-pose/data/raw/dataset_1/test/images/IMG_20250813_095854_jpg.rf.8aa876dd6834bc5e314261aee30fd80f.jpg,test
dataset_1,train,IMG_20250813_135918,/Users/avnisingh/delhivery-pallet-pose/data/raw/dataset_1/test/images/IMG_20250813_135918_jpg.rf.a117fc3ceb8b9136f7e6c23e43fc1bbd.jpg,test
dataset_1,val,IMG_20250729_084604,/Users/avnisingh/delhivery-pallet-pose/data/raw/dataset_1/test/images/IMG_20250729_084604_jpg.rf.f2f4f29e567855ba2935edb9f1cb1420.jpg,test
dataset_1,test,IMG_20250813_135442,/Users/avnisingh/delhivery-pallet-pose/data/raw/dataset_1/test/images/IMG_20250813_135442_jpg.rf.ab7d03f4e91209fb5baef28e51ab7f02.jpg,test
dataset_1,train,IMG_20250729_083512,/Users/avnisingh/delhivery-pallet-pose/data/raw/dataset_1/test/images/IMG_20250729_083512_jpg.rf.50930a2b50fb74ddf87b6f9343f51dc7.jpg,test
dataset_1,train,IMG_20250804_140843,/Users/avnisingh/delhivery-pallet-pose/data/raw/dataset_1/test/images/IMG_20250804_140843_jpg.rf.13a6fe9a328a5035ec48965b68358f9d.jpg,test
dataset_1,train,IMG_20250729_083852,/Users/avnisingh/delhivery-pallet-pose/data/raw/dataset_1/test/images/IMG_20250729_083852_jpg.rf.2a0e9a4f61949811f91777f127da371e.jpg,test
dataset_1,train,IMG_20250729_083940,/Users/avnisingh/delhivery-pallet-pose/data/raw/dataset_1/test/images/IMG_20250729_083940_jpg.rf.fe545cda3d7d9809d3b19774356921d1.jpg,test
dataset_1,train,IMG_20250806_104515,/Users/avnisingh/delhivery-pallet-pose/data/raw/dataset_1/test/images/IMG_20250806_104515_jpg.rf.5c03560979178097f662cff488335084.jpg,test
dataset_1,train,IMG_20250806_104536,/Users/avnisingh/delhivery-pallet-pose/data/raw/dataset_1/test/images/IMG_20250806_104536_jpg.rf.7a9126d5a3fcd18b2fdc67151260cc96.jpg,test
dataset_1,val,wooden-pallets-various-projects-62446647,/Users/avnisingh/delhivery-pallet-pose/data/raw/dataset_1/test/images/wooden-pallets-various-projects-62446647_jpg.rf.f2e3040f64422c81e7997baa18448c43.jpg,test
dataset_1,train,IMG_20250813_135423,/Users/avnisingh/delhivery-pallet-pose/data/raw/dataset_1/test/images/IMG_20250813_135423_jpg.rf.e7b69085d823c52b264a0a1e437b8ea1.jpg,test
dataset_1,train,0480,/Users/avnisingh/delhivery-pallet-pose/data/raw/dataset_1/test/images/0480_jpg.rf.0cf7a518cf6c31ab30a1dc2ceafec9ac.jpg,test
dataset_1,test,IMG_20250729_083748,/Users/avnisingh/delhivery-pallet-pose/data/raw/dataset_1/test/images/IMG_20250729_083748_jpg.rf.6754f9f6fac8ba339c20b0845161eb83.jpg,test
dataset_1,val,IMG_20250729_083817,/Users/avnisingh/delhivery-pallet-pose/data/raw/dataset_1/test/images/IMG_20250729_083817_jpg.rf.19260f48377c772ebd5d6ef7032b3759.jpg,test
dataset_1,train,IMG_20250729_084250,/Users/avnisingh/delhivery-pallet-pose/data/raw/dataset_1/test/images/IMG_20250729_084250_jpg.rf.795fb32d5b52bd4f517340d8a1e0dd6f.jpg,test
dataset_1,test,IMG_20250813_140329,/Users/avnisingh/delhivery-pallet-pose/data/raw/dataset_1/test/images/IMG_20250813_140329_jpg.rf.5207839f6acc4c6e0531c17bf2b1e1e7.jpg,test
dataset_1,test,0554,/Users/avnisingh/delhivery-pallet-pose/data/raw/dataset_1/test/images/0554_jpg.rf.3c3c22446da1e93e1141826a6843c805.jpg,test
dataset_1,val,0530,/Users/avnisingh/delhivery-pallet-pose/data/raw/dataset_1/test/images/0530_jpg.rf.f602274a36dce04551baecaad0253a98.jpg,test
dataset_1,train,IMG_20250729_084147,/Users/avnisingh/delhivery-pallet-pose/data/raw/dataset_1/test/images/IMG_20250729_084147_jpg.rf.123ff15800ed25a2adeaa8c7a057c6d9.jpg,test
dataset_1,train,IMG_20250729_083652,/Users/avnisingh/delhivery-pallet-pose/data/raw/dataset_1/test/images/IMG_20250729_083652_jpg.rf.d5f42a6c299690e8c9a4f553287c3434.jpg,test
dataset_1,test,IMG_20250729_085107,/Users/avnisingh/delhivery-pallet-pose/data/raw/dataset_1/test/images/IMG_20250729_085107_jpg.rf.af11e716e8125a7495b93f6da015c36c.jpg,test
dataset_1,val,IMG_20250806_103808,/Users/avnisingh/delhivery-pallet-pose/data/raw/dataset_1/test/images/IMG_20250806_103808_jpg.rf.3942ce2a1f4a88eed6be24bc83b4fa49.jpg,test
dataset_1,val,IMG_20250806_103808,/Users/avnisingh/delhivery-pallet-pose/data/raw/dataset_1/test/images/IMG_20250806_103808_jpg.rf.9690664883326feb17a1c652c52abd70.jpg,test
dataset_1,train,IMG_20250729_083540,/Users/avnisingh/delhivery-pallet-pose/data/raw/dataset_1/test/images/IMG_20250729_083540_jpg.rf.723209cbd86de01b832baa89d319fdef.jpg,test
dataset_1,train,IMG_20250813_140509,/Users/avnisingh/delhivery-pallet-pose/data/raw/dataset_1/test/images/IMG_20250813_140509_jpg.rf.02bcb44ea0c23a16a6d099dec76e94af.jpg,test
dataset_1,train,IMG_20250729_133054,/Users/avnisingh/delhivery-pallet-pose/data/raw/dataset_1/test/images/IMG_20250729_133054_jpg.rf.2edf8948f5b48fcfdf43e6ad995ae138.jpg,test
dataset_1,train,IMG_20250813_135249,/Users/avnisingh/delhivery-pallet-pose/data/raw/dataset_1/test/images/IMG_20250813_135249_jpg.rf.a309dc1f6cad933504ed09be6b847324.jpg,test
dataset_1,train,IMG_20250813_135435,/Users/avnisingh/delhivery-pallet-pose/data/raw/dataset_1/test/images/IMG_20250813_135435_jpg.rf.73da48c4c4d3c21320094d6f5d18eeb0.jpg,test
dataset_1,train,IMG_20250804_141322,/Users/avnisingh/delhivery-pallet-pose/data/raw/dataset_1/test/images/IMG_20250804_141322_jpg.rf.9517d4ceb0471782a5554772fd015643.jpg,test
dataset_1,val,IMG_20250729_083713,/Users/avnisingh/delhivery-pallet-pose/data/raw/dataset_1/test/images/IMG_20250729_083713_jpg.rf.8c21053bb2855e8e65c159c56e069afe.jpg,test
dataset_1,train,IMG_20250813_140509,/Users/avnisingh/delhivery-pallet-pose/data/raw/dataset_1/test/images/IMG_20250813_140509_jpg.rf.aff4dc3758be008e913f248d6a33042a.jpg,test
dataset_1,train,2A3X76N,/Users/avnisingh/delhivery-pallet-pose/data/raw/dataset_1/test/images/2A3X76N_jpg.rf.aa2a39fef4682626cc618f8b84cf2730.jpg,test
dataset_1,val,IMG_20250729_084255,/Users/avnisingh/delhivery-pallet-pose/data/raw/dataset_1/test/images/IMG_20250729_084255_jpg.rf.eb9c6f7e098a5d372afdde54294d6983.jpg,test
dataset_1,test,IMG_20250729_084112,/Users/avnisingh/delhivery-pallet-pose/data/raw/dataset_1/test/images/IMG_20250729_084112_jpg.rf.91c15009d53622b491d6492bc8d9d802.jpg,test
dataset_1,train,IMG_20250806_103917,/Users/avnisingh/delhivery-pallet-pose/data/raw/dataset_1/test/images/IMG_20250806_103917_jpg.rf.5544d0a3eb83700189a442c5695d9cd3.jpg,test
dataset_1,test,IMG_20250729_084316,/Users/avnisingh/delhivery-pallet-pose/data/raw/dataset_1/test/images/IMG_20250729_084316_jpg.rf.9eb938350dd01b6f06e27abe3b65108b.jpg,test
dataset_1,test,0542,/Users/avnisingh/delhivery-pallet-pose/data/raw/dataset_1/test/images/0542_jpg.rf.e11012a0ec42ce966547a802605bbca9.jpg,test
dataset_1,train,stack-wooden-pallets-industrial-warehousing-195336497,/Users/avnisingh/delhivery-pallet-pose/data/raw/dataset_1/test/images/stack-wooden-pallets-industrial-warehousing-195336497_jpg.rf.ca26cc2333f3ce59f4a892f92e6d860f.jpg,test
dataset_1,train,stack-industrial-plastic-pallets-215737481,/Users/avnisingh/delhivery-pallet-pose/data/raw/dataset_1/test/images/stack-industrial-plastic-pallets-215737481_jpg.rf.9526c368c20b3d0ff35846fbe21761c5.jpg,test
dataset_1,train,IMG_20250806_104149,/Users/avnisingh/delhivery-pallet-pose/data/raw/dataset_1/test/images/IMG_20250806_104149_jpg.rf.c9d878a4f6bec0f23fe1c513fede5333.jpg,test
dataset_1,train,IMG_20250729_083546,/Users/avnisingh/delhivery-pallet-pose/data/raw/dataset_1/test/images/IMG_20250729_083546_jpg.rf.60d76433f3b70dcc6401bcd119987ca4.jpg,test
dataset_1,test,IMG_20250729_084316,/Users/avnisingh/delhivery-pallet-pose/data/raw/dataset_1/test/images/IMG_20250729_084316_jpg.rf.fd69f7d95af0892f4fa12893c6dcb032.jpg,test
